sprint_id,team_id,sprint_name,start_date,end_date,goal,created_at
c9d69bb5-ff16-4751-b7aa-1373a4dc7015,79e63416-eb1c-4864-8471-d6a9747b6176,Sprint 01,1/18/2025,1/31/2025,Improve test automation coverage,2024-06-15T19:25:32.357847
de3b7634-c874-477e-9edc-912f55e84d14,79e63416-eb1c-4864-8471-d6a9747b6176,Sprint 02,2/1/2025,2/14/2025,Stabilize release quality,2025-07-15T19:25:32.357847
1f38c145-8389-4805-9512-505ac029b3a8,79e63416-eb1c-4864-8471-d6a9747b6176,Sprint 03,2/15/2025,2/28/2025,Reduce technical debt,2025-06-05T19:25:32.357847
de3c62dc-1f84-4dad-8c72-c3631942c567,79e63416-eb1c-4864-8471-d6a9747b6176,Sprint 04,3/1/2025,3/14/2025,Reduce cycle time,2024-08-27T19:25:32.357847
71cdece1-76b5-4ebf-bae4-fddf6b2ca6a0,79e63416-eb1c-4864-8471-d6a9747b6176,Sprint 05,3/15/2025,3/28/2025,Deliver priority roadmap items,2025-02-12T19:25:32.357847
a7afe280-e128-4ee9-b4e9-d11fdbfdd992,79e63416-eb1c-4864-8471-d6a9747b6176,Sprint 06,3/29/2025,4/11/2025,Reduce cycle time,2025-05-19T19:25:32.357847
6b455ac2-fffb-4097-a1a5-b608999eca0b,79e63416-eb1c-4864-8471-d6a9747b6176,Sprint 07,4/12/2025,4/25/2025,Reduce technical debt,2025-02-24T19:25:32.357847
5ce18fad-81d8-4a66-8b7d-b87ba20c807d,79e63416-eb1c-4864-8471-d6a9747b6176,Sprint 08,4/26/2025,5/9/2025,Deliver priority roadmap items,2025-10-19T19:25:32.357847
28fbc3af-4f5e-4c36-984d-8994590d7eeb,79e63416-eb1c-4864-8471-d6a9747b6176,Sprint 09,5/10/2025,5/23/2025,Reduce technical debt,2024-10-17T19:25:32.357847
4293f37f-6f9f-4a46-bc7c-2aa20f7e51d0,79e63416-eb1c-4864-8471-d6a9747b6176,Sprint 10,5/24/2025,6/6/2025,Stabilize release quality,2025-04-21T19:25:32.357847
80542e72-3b57-4bcd-bbcf-b83f2895943a,79e63416-eb1c-4864-8471-d6a9747b6176,Sprint 11,6/7/2025,6/20/2025,Improve reliability and observability,2025-05-07T19:25:32.357847
910d7903-0224-4cd1-ba0b-311ba69821c9,79e63416-eb1c-4864-8471-d6a9747b6176,Sprint 12,6/21/2025,7/4/2025,Reduce cycle time,2025-01-24T19:25:32.357847
aa6cf4d8-ef1a-4aff-9d97-fc9f6a4aa12b,79e63416-eb1c-4864-8471-d6a9747b6176,Sprint 13,7/5/2025,7/18/2025,Ship customer-requested enhancements,2025-09-29T19:25:32.357847
4b9b3445-e6ee-4d60-b089-18a8f0157b03,79e63416-eb1c-4864-8471-d6a9747b6176,Sprint 14,7/19/2025,8/1/2025,Stabilize release quality,2025-11-29T19:25:32.357847
d4fb3f9f-d167-48da-b222-4aaa8bba1eb3,79e63416-eb1c-4864-8471-d6a9747b6176,Sprint 15,8/2/2025,8/15/2025,Improve test automation coverage,2024-10-26T19:25:32.357847
d6cf7ac6-fbf3-4dd2-837d-58f0cdcf731b,79e63416-eb1c-4864-8471-d6a9747b6176,Sprint 16,8/16/2025,8/29/2025,Improve test automation coverage,2025-07-31T19:25:32.357847
888b2c7a-30c5-48ca-8c41-f65c4822085a,79e63416-eb1c-4864-8471-d6a9747b6176,Sprint 17,8/30/2025,9/12/2025,Improve test automation coverage,2024-08-31T19:25:32.357847
633b4953-1703-4de4-b147-5022979b1de2,79e63416-eb1c-4864-8471-d6a9747b6176,Sprint 18,9/13/2025,9/26/2025,Improve test automation coverage,2025-01-23T19:25:32.357847
29d17282-0084-43a9-b96a-3f2b22569de5,79e63416-eb1c-4864-8471-d6a9747b6176,Sprint 19,9/27/2025,10/10/2025,,2024-12-29T19:25:32.357847
bccb33ed-8014-461f-9f3b-6eda940f3775,79e63416-eb1c-4864-8471-d6a9747b6176,Sprint 20,10/11/2025,10/24/2025,Reduce cycle time,2024-09-14T19:25:32.357847
221ac7dc-940e-481f-9eec-235e865c07bb,546717cc-f5a8-4c27-9abc-8a8820f7fbb9,Sprint 01,1/20/2025,2/2/2025,Improve reliability and observability,2025-08-04T19:25:32.357847
64b8ad78-a9d8-4276-9334-38cb10c0947a,546717cc-f5a8-4c27-9abc-8a8820f7fbb9,Sprint 02,2/3/2025,2/16/2025,Enhance authentication and security posture,2025-11-03T19:25:32.357847
1775dc7a-68fa-4f8a-848c-98be12dbbacc,546717cc-f5a8-4c27-9abc-8a8820f7fbb9,Sprint 03,2/17/2025,3/2/2025,Stabilize release quality,2025-03-22T19:25:32.357847
557dcf76-8b9e-4519-9106-e3f9899dbfe6,546717cc-f5a8-4c27-9abc-8a8820f7fbb9,Sprint 04,3/3/2025,3/16/2025,Stabilize release quality,2025-02-25T19:25:32.357847
28c0ce14-41f9-47fd-a77b-1151423a6ff2,546717cc-f5a8-4c27-9abc-8a8820f7fbb9,Sprint 05,3/17/2025,3/30/2025,Ship customer-requested enhancements,2025-10-02T19:25:32.357847
2bb489e7-a1b1-4d9c-aa33-c05adf993897,546717cc-f5a8-4c27-9abc-8a8820f7fbb9,Sprint 06,3/31/2025,4/13/2025,Reduce cycle time,2025-02-01T19:25:32.357847
7053a1df-7092-4bfb-8057-78dab2d79908,546717cc-f5a8-4c27-9abc-8a8820f7fbb9,Sprint 07,4/14/2025,4/27/2025,Deliver priority roadmap items,2024-12-29T19:25:32.357847
d869e127-9b6a-48e5-9e41-beb402333364,546717cc-f5a8-4c27-9abc-8a8820f7fbb9,Sprint 08,4/28/2025,5/11/2025,Deliver priority roadmap items,2025-11-02T19:25:32.357847
3abb0105-b14f-4188-a3b9-54c19d52de88,546717cc-f5a8-4c27-9abc-8a8820f7fbb9,Sprint 09,5/12/2025,5/25/2025,,2025-10-14T19:25:32.357847
d6ded6e0-72ca-4bec-80f8-d6f8028af9e9,546717cc-f5a8-4c27-9abc-8a8820f7fbb9,Sprint 10,5/26/2025,6/8/2025,Reduce technical debt,2024-09-10T19:25:32.357847
1c125844-3a2b-499a-a9d8-469d5bd3a4df,546717cc-f5a8-4c27-9abc-8a8820f7fbb9,Sprint 11,6/9/2025,6/22/2025,Stabilize release quality,2024-11-02T19:25:32.357847
55c9870b-f660-4f9a-99a7-ffc42d2c5d41,546717cc-f5a8-4c27-9abc-8a8820f7fbb9,Sprint 12,6/23/2025,7/6/2025,Deliver priority roadmap items,2024-10-30T19:25:32.357847
1b63a64e-2e27-488b-b9af-6ce8dd091cab,546717cc-f5a8-4c27-9abc-8a8820f7fbb9,Sprint 13,7/7/2025,7/20/2025,Deliver priority roadmap items,2025-11-24T19:25:32.357847
1e62b8f7-2609-4bfc-8d27-48ec26eaedeb,546717cc-f5a8-4c27-9abc-8a8820f7fbb9,Sprint 14,7/21/2025,8/3/2025,Reduce cycle time,2025-02-12T19:25:32.357847
90d2abc8-9b57-42e8-acc0-596561246f86,546717cc-f5a8-4c27-9abc-8a8820f7fbb9,Sprint 15,8/4/2025,8/17/2025,Improve reliability and observability,2025-07-07T19:25:32.357847
0c388e9f-411f-4a83-aca4-8bcb8c1fb0e3,546717cc-f5a8-4c27-9abc-8a8820f7fbb9,Sprint 16,8/18/2025,8/31/2025,Improve test automation coverage,2024-06-29T19:25:32.357847
ea5fdd25-618d-473c-9222-4c165cbfac2f,546717cc-f5a8-4c27-9abc-8a8820f7fbb9,Sprint 17,9/1/2025,9/14/2025,,2025-04-21T19:25:32.357847
79f74f83-3b8b-409f-a91d-c18aa3993b90,546717cc-f5a8-4c27-9abc-8a8820f7fbb9,Sprint 18,9/15/2025,9/28/2025,Ship customer-requested enhancements,2025-03-19T19:25:32.357847
cfadfc8d-821d-4af3-9a7d-477bfd559ccb,546717cc-f5a8-4c27-9abc-8a8820f7fbb9,Sprint 19,9/29/2025,10/12/2025,Improve reliability and observability,2025-10-11T19:25:32.357847
87b78540-5ef5-4d99-8283-997c2acafc49,546717cc-f5a8-4c27-9abc-8a8820f7fbb9,Sprint 20,10/13/2025,10/26/2025,Stabilize release quality,2024-12-11T19:25:32.357847
328d1b70-b8b4-4414-943a-357e65826bf9,86f31b19-7cd7-40d1-b031-0273cd4109a0,Sprint 01,1/22/2025,2/4/2025,,2024-09-02T19:25:32.357847
8b79f0b3-38b3-4b8b-b163-ba5039310bad,86f31b19-7cd7-40d1-b031-0273cd4109a0,Sprint 02,2/5/2025,2/18/2025,Deliver priority roadmap items,2025-11-23T19:25:32.357847
d6173f63-ee76-491a-8919-c2b6eefa9b4d,86f31b19-7cd7-40d1-b031-0273cd4109a0,Sprint 03,2/19/2025,3/4/2025,Reduce technical debt,2026-01-14T19:25:32.357847
ae91beed-b3fa-4204-8f96-181b6852deea,86f31b19-7cd7-40d1-b031-0273cd4109a0,Sprint 04,3/5/2025,3/18/2025,Improve test automation coverage,2025-10-20T19:25:32.357847
9baba2f1-fea8-469b-9b8b-e998501cec24,86f31b19-7cd7-40d1-b031-0273cd4109a0,Sprint 05,3/19/2025,4/1/2025,Ship customer-requested enhancements,2024-09-13T19:25:32.357847
33637a10-96a7-4e0d-919c-53f509eb55df,86f31b19-7cd7-40d1-b031-0273cd4109a0,Sprint 06,4/2/2025,4/15/2025,Improve reliability and observability,2025-10-10T19:25:32.357847
24feaad5-53e7-4966-90d4-f7abd07e2142,86f31b19-7cd7-40d1-b031-0273cd4109a0,Sprint 07,4/16/2025,4/29/2025,Stabilize release quality,2025-06-20T19:25:32.357847
24c9fbf9-279f-4f7e-af0c-c14c7e206204,86f31b19-7cd7-40d1-b031-0273cd4109a0,Sprint 08,4/30/2025,5/13/2025,Deliver priority roadmap items,2025-03-25T19:25:32.357847
765ef15a-7f15-43b6-b429-c46b266aaeac,86f31b19-7cd7-40d1-b031-0273cd4109a0,Sprint 09,5/14/2025,5/27/2025,Reduce cycle time,2024-09-20T19:25:32.357847
7f23a635-5c74-4f84-8b99-bf840bce4ef7,86f31b19-7cd7-40d1-b031-0273cd4109a0,Sprint 10,5/28/2025,6/10/2025,Reduce cycle time,2025-03-08T19:25:32.357847
627dae5c-aa32-4040-862c-132fd97b9818,86f31b19-7cd7-40d1-b031-0273cd4109a0,Sprint 11,6/11/2025,6/24/2025,Improve test automation coverage,2024-09-22T19:25:32.357847
47bfc0d9-8912-4889-84d8-93a3eeed0490,86f31b19-7cd7-40d1-b031-0273cd4109a0,Sprint 12,6/25/2025,7/8/2025,Enhance authentication and security posture,2025-04-21T19:25:32.357847
50559b92-a61d-4f7f-b9c3-0f1709e53ca6,86f31b19-7cd7-40d1-b031-0273cd4109a0,Sprint 13,7/9/2025,7/22/2025,Reduce cycle time,2024-07-09T19:25:32.357847
198838d8-6d29-450b-bea3-699dc7283416,86f31b19-7cd7-40d1-b031-0273cd4109a0,Sprint 14,7/23/2025,8/5/2025,Improve test automation coverage,2025-07-12T19:25:32.357847
dbceb0fa-7ceb-4dbe-86e7-83f9935ff08e,86f31b19-7cd7-40d1-b031-0273cd4109a0,Sprint 15,8/6/2025,8/19/2025,Reduce technical debt,2024-12-23T19:25:32.357847
451d7257-0e5d-400c-b885-d27f6904e779,86f31b19-7cd7-40d1-b031-0273cd4109a0,Sprint 16,8/20/2025,9/2/2025,Reduce technical debt,2025-07-10T19:25:32.357847
dbf99ad8-1880-45e1-ad20-733bb13151c7,86f31b19-7cd7-40d1-b031-0273cd4109a0,Sprint 17,9/3/2025,9/16/2025,Enhance authentication and security posture,2025-12-03T19:25:32.357847
3d624fe9-f043-41f8-aeb1-1fca938a38ab,86f31b19-7cd7-40d1-b031-0273cd4109a0,Sprint 18,9/17/2025,9/30/2025,Ship customer-requested enhancements,2024-10-24T19:25:32.357847
2186bd96-226a-4c6e-8cad-aa3bb807d366,86f31b19-7cd7-40d1-b031-0273cd4109a0,Sprint 19,10/1/2025,10/14/2025,Enhance authentication and security posture,2025-04-23T19:25:32.357847
79c5a408-e4b7-47cc-b41f-111f09735233,86f31b19-7cd7-40d1-b031-0273cd4109a0,Sprint 20,10/15/2025,10/28/2025,Improve reliability and observability,2025-04-17T19:25:32.357847
011eb972-b6a2-4060-965c-d8413645c631,1af4780d-bd6b-4617-8e74-8accdee5faea,Sprint 01,1/24/2025,2/6/2025,Stabilize release quality,2025-08-16T19:25:32.357847
3ce9c587-cd55-4acf-b0f2-f3318beef13e,1af4780d-bd6b-4617-8e74-8accdee5faea,Sprint 02,2/7/2025,2/20/2025,Reduce cycle time,2025-10-22T19:25:32.357847
bec9a90d-f0a3-4785-8d9b-dac42c3f53fb,1af4780d-bd6b-4617-8e74-8accdee5faea,Sprint 03,2/21/2025,3/6/2025,Reduce technical debt,2024-07-12T19:25:32.357847
fa89d7ef-6fef-4c07-969e-9dfc443272f9,1af4780d-bd6b-4617-8e74-8accdee5faea,Sprint 04,3/7/2025,3/20/2025,Improve test automation coverage,2025-05-30T19:25:32.357847
959604fa-83cd-4050-8638-cfa539ed35d0,1af4780d-bd6b-4617-8e74-8accdee5faea,Sprint 05,3/21/2025,4/3/2025,,2025-11-16T19:25:32.357847
0c2450f1-b9af-4212-a0d1-e1d9f1e5f841,1af4780d-bd6b-4617-8e74-8accdee5faea,Sprint 06,4/4/2025,4/17/2025,Improve test automation coverage,2024-07-31T19:25:32.357847
444a811c-3667-40e5-9134-b089d9e48664,1af4780d-bd6b-4617-8e74-8accdee5faea,Sprint 07,4/18/2025,5/1/2025,Improve test automation coverage,2024-07-18T19:25:32.357847
122f96ab-59e1-4cd8-b226-8830abc8bd08,1af4780d-bd6b-4617-8e74-8accdee5faea,Sprint 08,5/2/2025,5/15/2025,Enhance authentication and security posture,2024-06-10T19:25:32.357847
0862b709-7d19-4207-ac37-4ec796416036,1af4780d-bd6b-4617-8e74-8accdee5faea,Sprint 09,5/16/2025,5/29/2025,Improve reliability and observability,2024-09-17T19:25:32.357847
dc31605a-667c-4382-940a-4dc3fcab2ba9,1af4780d-bd6b-4617-8e74-8accdee5faea,Sprint 10,5/30/2025,6/12/2025,Ship customer-requested enhancements,2025-10-29T19:25:32.357847
e936d95f-fc2a-4067-82f1-b17ebfdfb02c,1af4780d-bd6b-4617-8e74-8accdee5faea,Sprint 11,6/13/2025,6/26/2025,Improve test automation coverage,2025-12-13T19:25:32.357847
660bbfbe-360d-4da3-9bb6-65fb55a0b28d,1af4780d-bd6b-4617-8e74-8accdee5faea,Sprint 12,6/27/2025,7/10/2025,,2024-06-12T19:25:32.357847
47f5db72-7953-47ed-8ce0-126a18b2553c,1af4780d-bd6b-4617-8e74-8accdee5faea,Sprint 13,7/11/2025,7/24/2025,,2024-06-11T19:25:32.357847
869aaf09-27d1-4b31-936f-63581e2fddbb,1af4780d-bd6b-4617-8e74-8accdee5faea,Sprint 14,7/25/2025,8/7/2025,Deliver priority roadmap items,2025-09-16T19:25:32.357847
8691945a-0a71-45c1-82ea-deaf7b839ce5,1af4780d-bd6b-4617-8e74-8accdee5faea,Sprint 15,8/8/2025,8/21/2025,Enhance authentication and security posture,2025-07-24T19:25:32.357847
6165cf44-4527-4b6b-b64d-b58a478329f7,1af4780d-bd6b-4617-8e74-8accdee5faea,Sprint 16,8/22/2025,9/4/2025,Deliver priority roadmap items,2025-06-15T19:25:32.357847
721b935a-a8cd-46e3-a407-62944f2d59ea,1af4780d-bd6b-4617-8e74-8accdee5faea,Sprint 17,9/5/2025,9/18/2025,Improve reliability and observability,2025-09-10T19:25:32.357847
3b9d20f4-4e1b-4fec-9f55-07a96e7e504a,1af4780d-bd6b-4617-8e74-8accdee5faea,Sprint 18,9/19/2025,10/2/2025,Stabilize release quality,2024-11-10T19:25:32.357847
c9943592-3ca0-475c-b9ce-0e1ccac71738,1af4780d-bd6b-4617-8e74-8accdee5faea,Sprint 19,10/3/2025,10/16/2025,Reduce cycle time,2024-10-29T19:25:32.357847
d21322b3-ae89-4b7a-a2ce-6ed53096e299,1af4780d-bd6b-4617-8e74-8accdee5faea,Sprint 20,10/17/2025,10/30/2025,Improve reliability and observability,2025-08-19T19:25:32.357847
64cb8dce-dbcb-45c8-b87d-adfb1e191878,4226a61a-6a2f-412f-adef-e4a088a54e21,Sprint 01,1/26/2025,2/8/2025,Ship customer-requested enhancements,2025-02-24T19:25:32.357847
4d16ccf4-a1f6-4e8d-bdda-ee84f68f5a82,4226a61a-6a2f-412f-adef-e4a088a54e21,Sprint 02,2/9/2025,2/22/2025,Reduce cycle time,2025-10-20T19:25:32.357847
c6bd0dcc-4376-4ec3-b986-0ce47ce5ec6e,4226a61a-6a2f-412f-adef-e4a088a54e21,Sprint 03,2/23/2025,3/8/2025,Improve test automation coverage,2024-06-27T19:25:32.357847
f37e6b67-afb2-4ccf-a7fb-ad96f2f244d3,4226a61a-6a2f-412f-adef-e4a088a54e21,Sprint 04,3/9/2025,3/22/2025,Improve test automation coverage,2024-07-01T19:25:32.357847
df2954a4-d143-4d5c-8486-9c57cf7f6730,4226a61a-6a2f-412f-adef-e4a088a54e21,Sprint 05,3/23/2025,4/5/2025,Reduce technical debt,2025-04-10T19:25:32.357847
f1ce0d32-6e6e-4cb6-8ff4-b6fe493760b9,4226a61a-6a2f-412f-adef-e4a088a54e21,Sprint 06,4/6/2025,4/19/2025,,2024-10-05T19:25:32.357847
4fc629b9-931e-403d-ba6c-4857db88e51a,4226a61a-6a2f-412f-adef-e4a088a54e21,Sprint 07,4/20/2025,5/3/2025,Stabilize release quality,2024-07-31T19:25:32.357847
3ecb0e59-a6d4-4f7d-9d91-dc3a05c6e809,4226a61a-6a2f-412f-adef-e4a088a54e21,Sprint 08,5/4/2025,5/17/2025,Improve test automation coverage,2025-09-24T19:25:32.357847
1df03ea4-d2ac-46ee-9915-e08c8affc807,4226a61a-6a2f-412f-adef-e4a088a54e21,Sprint 09,5/18/2025,5/31/2025,Improve test automation coverage,2025-08-17T19:25:32.357847
358d8eb3-8d38-4d81-b6f6-180ffbe0bf4c,4226a61a-6a2f-412f-adef-e4a088a54e21,Sprint 10,6/1/2025,6/14/2025,Deliver priority roadmap items,2024-06-16T19:25:32.357847
838ba4b8-ae3a-46c8-b27a-fdcc4b283e32,4226a61a-6a2f-412f-adef-e4a088a54e21,Sprint 11,6/15/2025,6/28/2025,Reduce cycle time,2025-10-01T19:25:32.357847
b9aebc63-2018-4102-ab77-f9dde0b2bed9,4226a61a-6a2f-412f-adef-e4a088a54e21,Sprint 12,6/29/2025,7/12/2025,Reduce cycle time,2025-03-31T19:25:32.357847
4c927071-ca18-4966-ad36-770f36693dcf,4226a61a-6a2f-412f-adef-e4a088a54e21,Sprint 13,7/13/2025,7/26/2025,,2025-01-30T19:25:32.357847
c2554cd1-790e-4f58-b690-11e92a0e6efe,4226a61a-6a2f-412f-adef-e4a088a54e21,Sprint 14,7/27/2025,8/9/2025,Improve test automation coverage,2025-04-22T19:25:32.357847
3727f599-5e7f-42f6-8c5b-db53a4a33c57,4226a61a-6a2f-412f-adef-e4a088a54e21,Sprint 15,8/10/2025,8/23/2025,Improve test automation coverage,2024-09-07T19:25:32.357847
f1d99d47-6dcd-4ec4-897d-0d9ad9af5c7f,4226a61a-6a2f-412f-adef-e4a088a54e21,Sprint 16,8/24/2025,9/6/2025,Enhance authentication and security posture,2025-12-10T19:25:32.357847
c042d6bd-3709-4592-9f47-234d512fe485,4226a61a-6a2f-412f-adef-e4a088a54e21,Sprint 17,9/7/2025,9/20/2025,Deliver priority roadmap items,2025-04-10T19:25:32.357847
ffd8e517-db35-42fb-b43d-9ccf469bfbce,4226a61a-6a2f-412f-adef-e4a088a54e21,Sprint 18,9/21/2025,10/4/2025,Improve test automation coverage,2025-08-23T19:25:32.357847
78835c15-cd3c-4d15-b403-666e28645c2f,4226a61a-6a2f-412f-adef-e4a088a54e21,Sprint 19,10/5/2025,10/18/2025,Improve test automation coverage,2025-12-09T19:25:32.357847
fdd65b02-bb4c-4afd-a4b7-5898d3bd5758,4226a61a-6a2f-412f-adef-e4a088a54e21,Sprint 20,10/19/2025,11/1/2025,Improve test automation coverage,2025-02-12T19:25:32.357847
62307445-29e0-46c7-9c31-e0333cf132eb,90293151-f6f1-4afc-9120-171094fe00ae,Sprint 01,1/18/2025,1/31/2025,Improve reliability and observability,2025-11-28T19:25:32.357847
b1cf86a3-726e-46af-8ff4-cb6f75da9f70,90293151-f6f1-4afc-9120-171094fe00ae,Sprint 02,2/1/2025,2/14/2025,Enhance authentication and security posture,2025-04-17T19:25:32.357847
5c510e16-3bc8-43f8-b76d-001d82705256,90293151-f6f1-4afc-9120-171094fe00ae,Sprint 03,2/15/2025,2/28/2025,Reduce technical debt,2025-12-28T19:25:32.357847
4e9b7ec0-cfb6-46d4-8170-c40c904a27a2,90293151-f6f1-4afc-9120-171094fe00ae,Sprint 04,3/1/2025,3/14/2025,Reduce technical debt,2025-03-13T19:25:32.357847
cd16b5d8-c74c-4691-bf4c-d4f4bda114ef,90293151-f6f1-4afc-9120-171094fe00ae,Sprint 05,3/15/2025,3/28/2025,Ship customer-requested enhancements,2025-04-05T19:25:32.357847
03fe8a44-9722-44f1-8b9c-9ca659427cfe,90293151-f6f1-4afc-9120-171094fe00ae,Sprint 06,3/29/2025,4/11/2025,Enhance authentication and security posture,2025-10-09T19:25:32.357847
eb8a06dc-212a-49a8-85d5-f98628da6af9,90293151-f6f1-4afc-9120-171094fe00ae,Sprint 07,4/12/2025,4/25/2025,Improve reliability and observability,2025-09-02T19:25:32.357847
cc4555a7-672e-4d3f-a7c9-19aec636db06,90293151-f6f1-4afc-9120-171094fe00ae,Sprint 08,4/26/2025,5/9/2025,Ship customer-requested enhancements,2024-10-21T19:25:32.357847
6a37230b-9124-464f-97e6-740a4d737cd9,90293151-f6f1-4afc-9120-171094fe00ae,Sprint 09,5/10/2025,5/23/2025,Reduce technical debt,2025-04-17T19:25:32.357847
78f14c51-a36c-4cc6-b100-2dca59ec3124,90293151-f6f1-4afc-9120-171094fe00ae,Sprint 10,5/24/2025,6/6/2025,Improve test automation coverage,2025-10-18T19:25:32.357847
82ef0ca7-71cf-4d95-a548-cbfcf3066de8,90293151-f6f1-4afc-9120-171094fe00ae,Sprint 11,6/7/2025,6/20/2025,Improve reliability and observability,2024-10-22T19:25:32.357847
1963fdc0-e73c-4b05-9eb8-e9d20a6da4f9,90293151-f6f1-4afc-9120-171094fe00ae,Sprint 12,6/21/2025,7/4/2025,Improve reliability and observability,2024-11-27T19:25:32.357847
a861bb53-8b74-4009-beb7-b530ffa8fb18,90293151-f6f1-4afc-9120-171094fe00ae,Sprint 13,7/5/2025,7/18/2025,Enhance authentication and security posture,2024-08-07T19:25:32.357847
de46637a-6b36-483f-911c-1aedd9fe9da9,90293151-f6f1-4afc-9120-171094fe00ae,Sprint 14,7/19/2025,8/1/2025,Reduce technical debt,2025-11-21T19:25:32.357847
4726c115-5fad-44cd-b617-8e77f5e9f22b,90293151-f6f1-4afc-9120-171094fe00ae,Sprint 15,8/2/2025,8/15/2025,,2025-08-08T19:25:32.357847
d6191cb3-0ceb-4041-ac0f-db573bccd842,90293151-f6f1-4afc-9120-171094fe00ae,Sprint 16,8/16/2025,8/29/2025,Reduce cycle time,2025-03-05T19:25:32.357847
83233c54-9266-4168-9094-e0406a789f0d,90293151-f6f1-4afc-9120-171094fe00ae,Sprint 17,8/30/2025,9/12/2025,,2024-11-30T19:25:32.357847
4daa0334-0ee4-4c41-8ea3-5715ae2d08a5,90293151-f6f1-4afc-9120-171094fe00ae,Sprint 18,9/13/2025,9/26/2025,Deliver priority roadmap items,2024-07-30T19:25:32.357847
a318fb89-44ef-4140-8b26-368c7cc76688,90293151-f6f1-4afc-9120-171094fe00ae,Sprint 19,9/27/2025,10/10/2025,Stabilize release quality,2025-07-24T19:25:32.357847
92e91f78-b9bc-409a-84f4-9f024a96bc05,90293151-f6f1-4afc-9120-171094fe00ae,Sprint 20,10/11/2025,10/24/2025,Improve reliability and observability,2025-06-26T19:25:32.357847
7af2fe77-e9f0-408e-a979-256659ac996b,86d5fde5-b38d-4c5b-a6c5-9bf4717161f5,Sprint 01,1/20/2025,2/2/2025,Stabilize release quality,2025-05-07T19:25:32.357847
16e7d263-a1f8-4728-a09c-f7fadef4db12,86d5fde5-b38d-4c5b-a6c5-9bf4717161f5,Sprint 02,2/3/2025,2/16/2025,Stabilize release quality,2024-10-07T19:25:32.357847
3ed08ab0-dfea-42bb-8378-5f69f7ffd4c8,86d5fde5-b38d-4c5b-a6c5-9bf4717161f5,Sprint 03,2/17/2025,3/2/2025,Stabilize release quality,2025-01-13T19:25:32.357847
21488971-848a-47b3-a7d8-dfce4974e1cc,86d5fde5-b38d-4c5b-a6c5-9bf4717161f5,Sprint 04,3/3/2025,3/16/2025,Improve reliability and observability,2025-04-12T19:25:32.357847
4bba2539-a04c-4fb6-9763-0b310aee0287,86d5fde5-b38d-4c5b-a6c5-9bf4717161f5,Sprint 05,3/17/2025,3/30/2025,Reduce technical debt,2024-09-29T19:25:32.357847
6666f94e-4035-4fd4-8676-fe24430e5dc0,86d5fde5-b38d-4c5b-a6c5-9bf4717161f5,Sprint 06,3/31/2025,4/13/2025,,2024-12-07T19:25:32.357847
b34850f3-c315-4204-8b59-72b4ef3fecaf,86d5fde5-b38d-4c5b-a6c5-9bf4717161f5,Sprint 07,4/14/2025,4/27/2025,Reduce cycle time,2025-12-17T19:25:32.357847
29bd4815-f151-4ec1-8aea-88930be090de,86d5fde5-b38d-4c5b-a6c5-9bf4717161f5,Sprint 08,4/28/2025,5/11/2025,Improve reliability and observability,2025-01-01T19:25:32.357847
4fcf74af-75b7-4e9a-a296-4ff158152250,86d5fde5-b38d-4c5b-a6c5-9bf4717161f5,Sprint 09,5/12/2025,5/25/2025,Enhance authentication and security posture,2024-10-18T19:25:32.357847
5fec379c-4fbe-4b85-b634-3e944a9d05e7,86d5fde5-b38d-4c5b-a6c5-9bf4717161f5,Sprint 10,5/26/2025,6/8/2025,Deliver priority roadmap items,2024-09-19T19:25:32.357847
030e0d8c-9a25-439f-94d9-d9caf8b76b65,86d5fde5-b38d-4c5b-a6c5-9bf4717161f5,Sprint 11,6/9/2025,6/22/2025,,2025-01-24T19:25:32.357847
c9939180-e3d1-4c0a-a077-6c2cee5ead33,86d5fde5-b38d-4c5b-a6c5-9bf4717161f5,Sprint 12,6/23/2025,7/6/2025,Reduce technical debt,2025-08-03T19:25:32.357847
118e6f16-a078-4f89-ab0f-62846a720972,86d5fde5-b38d-4c5b-a6c5-9bf4717161f5,Sprint 13,7/7/2025,7/20/2025,Ship customer-requested enhancements,2025-10-17T19:25:32.357847
dace6365-f846-46c3-9521-d55477e2f7de,86d5fde5-b38d-4c5b-a6c5-9bf4717161f5,Sprint 14,7/21/2025,8/3/2025,Ship customer-requested enhancements,2025-12-20T19:25:32.357847
675ca11b-0a65-4e41-b9ca-a6d03331d1a8,86d5fde5-b38d-4c5b-a6c5-9bf4717161f5,Sprint 15,8/4/2025,8/17/2025,Improve test automation coverage,2025-11-28T19:25:32.357847
f85c3640-ec51-4ccb-bb35-9cb766f9c008,86d5fde5-b38d-4c5b-a6c5-9bf4717161f5,Sprint 16,8/18/2025,8/31/2025,Deliver priority roadmap items,2024-06-11T19:25:32.357847
9d84e4d6-613b-49fb-b9c3-73f882043c67,86d5fde5-b38d-4c5b-a6c5-9bf4717161f5,Sprint 17,9/1/2025,9/14/2025,Improve reliability and observability,2025-06-05T19:25:32.357847
9ade5944-959c-45a2-a5d0-0f655d83116e,86d5fde5-b38d-4c5b-a6c5-9bf4717161f5,Sprint 18,9/15/2025,9/28/2025,Improve reliability and observability,2025-06-20T19:25:32.357847
7ce27a60-cc2c-4526-89c3-a5f5bda0a239,86d5fde5-b38d-4c5b-a6c5-9bf4717161f5,Sprint 19,9/29/2025,10/12/2025,Ship customer-requested enhancements,2024-11-24T19:25:32.357847
9d51be0b-8418-4d48-9664-225545389a45,86d5fde5-b38d-4c5b-a6c5-9bf4717161f5,Sprint 20,10/13/2025,10/26/2025,,2025-12-28T19:25:32.357847
3ae028bb-09f9-4caf-89e0-b899743c6513,d7e966c0-538c-419a-8744-55fd5feea121,Sprint 01,1/22/2025,2/4/2025,Stabilize release quality,2024-09-19T19:25:32.357847
d41ec11c-f6e7-4d1e-b8ad-857590a5694b,d7e966c0-538c-419a-8744-55fd5feea121,Sprint 02,2/5/2025,2/18/2025,Deliver priority roadmap items,2025-07-24T19:25:32.357847
39549a81-e703-4b39-9152-6f99a8b0d3c3,d7e966c0-538c-419a-8744-55fd5feea121,Sprint 03,2/19/2025,3/4/2025,Stabilize release quality,2025-06-02T19:25:32.357847
a2844a23-7bee-417e-9404-a4ab1096fcbf,d7e966c0-538c-419a-8744-55fd5feea121,Sprint 04,3/5/2025,3/18/2025,Ship customer-requested enhancements,2025-03-11T19:25:32.357847
e5c24e1c-45c1-428b-83fd-100133801ae1,d7e966c0-538c-419a-8744-55fd5feea121,Sprint 05,3/19/2025,4/1/2025,Ship customer-requested enhancements,2024-11-10T19:25:32.357847
4fac22f4-944e-4c02-83c6-e416ae950fb6,d7e966c0-538c-419a-8744-55fd5feea121,Sprint 06,4/2/2025,4/15/2025,Improve test automation coverage,2025-01-25T19:25:32.357847
9fdbebef-4598-427b-a517-f81f51d3c0b5,d7e966c0-538c-419a-8744-55fd5feea121,Sprint 07,4/16/2025,4/29/2025,Enhance authentication and security posture,2025-05-04T19:25:32.357847
b5cabda2-2b30-448b-8f29-b1afbcb8a6c1,d7e966c0-538c-419a-8744-55fd5feea121,Sprint 08,4/30/2025,5/13/2025,Improve reliability and observability,2024-09-27T19:25:32.357847
2b9d9767-b18a-4359-8082-c2da10a8842a,d7e966c0-538c-419a-8744-55fd5feea121,Sprint 09,5/14/2025,5/27/2025,Ship customer-requested enhancements,2024-08-02T19:25:32.357847
5ae2b5f9-3c67-49bd-ab85-c54a37115e03,d7e966c0-538c-419a-8744-55fd5feea121,Sprint 10,5/28/2025,6/10/2025,Improve test automation coverage,2024-05-29T19:25:32.357847
6dc36bd4-2cdc-47f0-9945-b29c7c3fb816,d7e966c0-538c-419a-8744-55fd5feea121,Sprint 11,6/11/2025,6/24/2025,Reduce cycle time,2026-01-10T19:25:32.357847
ad700977-702b-4485-b295-d4bb8bae5161,d7e966c0-538c-419a-8744-55fd5feea121,Sprint 12,6/25/2025,7/8/2025,,2024-12-30T19:25:32.357847
f7a70777-95b8-4287-92fa-e2b5aec1471c,d7e966c0-538c-419a-8744-55fd5feea121,Sprint 13,7/9/2025,7/22/2025,,2025-04-03T19:25:32.357847
80e667f6-2870-4e99-a0cc-55bcb864c19c,d7e966c0-538c-419a-8744-55fd5feea121,Sprint 14,7/23/2025,8/5/2025,Ship customer-requested enhancements,2025-09-29T19:25:32.357847
49c785d2-fb39-45ef-8102-fdfe14e2afec,d7e966c0-538c-419a-8744-55fd5feea121,Sprint 15,8/6/2025,8/19/2025,Enhance authentication and security posture,2025-11-13T19:25:32.357847
5c8ea806-6f15-4efa-91dd-2e40de31b93c,d7e966c0-538c-419a-8744-55fd5feea121,Sprint 16,8/20/2025,9/2/2025,Reduce technical debt,2025-04-09T19:25:32.357847
45daa165-dfca-4a91-b2ec-bfc0a43ac5b5,d7e966c0-538c-419a-8744-55fd5feea121,Sprint 17,9/3/2025,9/16/2025,Reduce technical debt,2025-04-09T19:25:32.357847
bea3f089-304d-430e-b4c6-5ab3f5d2205d,d7e966c0-538c-419a-8744-55fd5feea121,Sprint 18,9/17/2025,9/30/2025,Ship customer-requested enhancements,2025-03-18T19:25:32.357847
418c5b93-b023-4d52-8f77-54e65e6bc4d7,d7e966c0-538c-419a-8744-55fd5feea121,Sprint 19,10/1/2025,10/14/2025,Improve reliability and observability,2025-08-17T19:25:32.357847
8e9e58a0-85e4-4bab-bc07-7ebe66a7b5f6,d7e966c0-538c-419a-8744-55fd5feea121,Sprint 20,10/15/2025,10/28/2025,,2025-05-16T19:25:32.357847
d979cbc0-0453-4de4-bbff-d20bd72d406d,35ed53ca-c548-43b8-a782-af5c0a0997ed,Sprint 01,1/24/2025,2/6/2025,Stabilize release quality,2024-11-30T19:25:32.357847
d2cca28f-c28e-42f5-a500-e5bfe5b92206,35ed53ca-c548-43b8-a782-af5c0a0997ed,Sprint 02,2/7/2025,2/20/2025,Reduce technical debt,2025-08-27T19:25:32.357847
fea2d67b-5875-447a-8d91-42897d9b80b3,35ed53ca-c548-43b8-a782-af5c0a0997ed,Sprint 03,2/21/2025,3/6/2025,Stabilize release quality,2024-08-26T19:25:32.357847
72e08259-8690-4853-8948-fd0ba775c6c6,35ed53ca-c548-43b8-a782-af5c0a0997ed,Sprint 04,3/7/2025,3/20/2025,Ship customer-requested enhancements,2025-04-27T19:25:32.357847
2397b636-4674-4c8d-8edf-9efaea0208f7,35ed53ca-c548-43b8-a782-af5c0a0997ed,Sprint 05,3/21/2025,4/3/2025,Improve test automation coverage,2024-11-29T19:25:32.357847
2b5e3f45-792d-4d37-bb2b-17db31997dd7,35ed53ca-c548-43b8-a782-af5c0a0997ed,Sprint 06,4/4/2025,4/17/2025,Improve test automation coverage,2025-12-12T19:25:32.357847
8cea539e-ff29-4ff6-bcc7-f8e58f9b13fb,35ed53ca-c548-43b8-a782-af5c0a0997ed,Sprint 07,4/18/2025,5/1/2025,Improve reliability and observability,2025-01-31T19:25:32.357847
ebd11e71-7cc5-4357-8848-d730cb8f389d,35ed53ca-c548-43b8-a782-af5c0a0997ed,Sprint 08,5/2/2025,5/15/2025,Improve reliability and observability,2024-07-19T19:25:32.357847
8eb3e472-0bcb-4de3-933a-5e3a8c03388f,35ed53ca-c548-43b8-a782-af5c0a0997ed,Sprint 09,5/16/2025,5/29/2025,Enhance authentication and security posture,2025-01-15T19:25:32.357847
79f9c8b4-09d8-4039-aef1-e74d5553bb7d,35ed53ca-c548-43b8-a782-af5c0a0997ed,Sprint 10,5/30/2025,6/12/2025,,2025-03-16T19:25:32.357847
fecbda48-1f54-4ae2-95c6-510ca716b4d6,35ed53ca-c548-43b8-a782-af5c0a0997ed,Sprint 11,6/13/2025,6/26/2025,Deliver priority roadmap items,2024-06-25T19:25:32.357847
f3ceb6e1-ba52-4dbd-b97f-19ed1acc065e,35ed53ca-c548-43b8-a782-af5c0a0997ed,Sprint 12,6/27/2025,7/10/2025,Deliver priority roadmap items,2025-03-23T19:25:32.357847
b9db620b-af8d-40c0-a401-cf485f8bd798,35ed53ca-c548-43b8-a782-af5c0a0997ed,Sprint 13,7/11/2025,7/24/2025,Reduce cycle time,2024-09-22T19:25:32.357847
d3cba8a4-056a-4afa-b5c1-85a06c85a2a0,35ed53ca-c548-43b8-a782-af5c0a0997ed,Sprint 14,7/25/2025,8/7/2025,Deliver priority roadmap items,2025-04-28T19:25:32.357847
2c63e3f8-d13e-40bd-b4e7-8f0baa502bbf,35ed53ca-c548-43b8-a782-af5c0a0997ed,Sprint 15,8/8/2025,8/21/2025,,2025-07-14T19:25:32.357847
c122362d-c085-42c6-820a-e060da24f773,35ed53ca-c548-43b8-a782-af5c0a0997ed,Sprint 16,8/22/2025,9/4/2025,Reduce technical debt,2025-10-18T19:25:32.357847
15f0b6d9-3d2f-4301-bcf6-a009601798d2,35ed53ca-c548-43b8-a782-af5c0a0997ed,Sprint 17,9/5/2025,9/18/2025,Improve reliability and observability,2025-01-19T19:25:32.357847
f4b134c8-48d5-422a-a9e9-fdc5c0e350fa,35ed53ca-c548-43b8-a782-af5c0a0997ed,Sprint 18,9/19/2025,10/2/2025,Improve reliability and observability,2025-03-09T19:25:32.357847
64db3442-51e6-46db-badc-4a478e25238d,35ed53ca-c548-43b8-a782-af5c0a0997ed,Sprint 19,10/3/2025,10/16/2025,Improve test automation coverage,2025-02-12T19:25:32.357847
5ed7ee9c-b8bf-49da-a697-ffc0e238ba9f,35ed53ca-c548-43b8-a782-af5c0a0997ed,Sprint 20,10/17/2025,10/30/2025,Reduce technical debt,2025-04-26T19:25:32.357847
362a04ef-2197-4031-8a2a-791378bc7517,5a12d069-8aa5-436c-b266-d364276c449a,Sprint 01,1/26/2025,2/8/2025,Ship customer-requested enhancements,2024-09-30T19:25:32.357847
0708c4a2-3ff6-4e71-8dd8-028daf19d967,5a12d069-8aa5-436c-b266-d364276c449a,Sprint 02,2/9/2025,2/22/2025,Reduce cycle time,2024-09-23T19:25:32.357847
94e2e9c4-a043-4821-bd7d-fd0e19bcd5e8,5a12d069-8aa5-436c-b266-d364276c449a,Sprint 03,2/23/2025,3/8/2025,Stabilize release quality,2024-05-30T19:25:32.357847
83023769-6d9b-40f6-bd59-e5792fd96cf2,5a12d069-8aa5-436c-b266-d364276c449a,Sprint 04,3/9/2025,3/22/2025,Reduce cycle time,2024-09-21T19:25:32.357847
7c15423c-3f3b-46dc-b2f1-b61f49e82cf7,5a12d069-8aa5-436c-b266-d364276c449a,Sprint 05,3/23/2025,4/5/2025,Improve reliability and observability,2024-08-23T19:25:32.357847
66dc65e4-c215-4b1d-8a7c-ad3d0704b02e,5a12d069-8aa5-436c-b266-d364276c449a,Sprint 06,4/6/2025,4/19/2025,Reduce cycle time,2024-12-23T19:25:32.357847
4ccedfeb-a617-4898-89a1-b62ad6362e5b,5a12d069-8aa5-436c-b266-d364276c449a,Sprint 07,4/20/2025,5/3/2025,,2025-03-18T19:25:32.357847
9c126927-29cc-4e3b-ac12-8ade53cc9738,5a12d069-8aa5-436c-b266-d364276c449a,Sprint 08,5/4/2025,5/17/2025,Improve test automation coverage,2025-11-23T19:25:32.357847
3454ead8-9199-4f36-b11f-ce3431ad4504,5a12d069-8aa5-436c-b266-d364276c449a,Sprint 09,5/18/2025,5/31/2025,Deliver priority roadmap items,2025-08-30T19:25:32.357847
f2c9ce35-cc6e-4847-bd1a-8e3ba1a2a76c,5a12d069-8aa5-436c-b266-d364276c449a,Sprint 10,6/1/2025,6/14/2025,Improve reliability and observability,2025-02-01T19:25:32.357847
e4400da6-fef5-4c48-98c9-9018d6070c56,5a12d069-8aa5-436c-b266-d364276c449a,Sprint 11,6/15/2025,6/28/2025,Improve test automation coverage,2024-06-13T19:25:32.357847
bdee136f-211c-4026-9df5-4316949c9921,5a12d069-8aa5-436c-b266-d364276c449a,Sprint 12,6/29/2025,7/12/2025,Enhance authentication and security posture,2025-08-24T19:25:32.357847
8f938326-1923-404e-96ae-80b8d954be63,5a12d069-8aa5-436c-b266-d364276c449a,Sprint 13,7/13/2025,7/26/2025,Reduce technical debt,2025-07-17T19:25:32.357847
ac53081a-1ee4-4e1d-9bda-3d8f4bce1ed9,5a12d069-8aa5-436c-b266-d364276c449a,Sprint 14,7/27/2025,8/9/2025,Reduce cycle time,2024-09-05T19:25:32.357847
246fec98-51f3-4bb2-b1fd-9581e169db5e,5a12d069-8aa5-436c-b266-d364276c449a,Sprint 15,8/10/2025,8/23/2025,Reduce technical debt,2025-07-20T19:25:32.357847
ce168d60-31e8-4519-9fae-b281b7acaddb,5a12d069-8aa5-436c-b266-d364276c449a,Sprint 16,8/24/2025,9/6/2025,Reduce technical debt,2025-11-19T19:25:32.357847
d2e52f26-daa6-46fc-9d6a-0ffc6aaecf74,5a12d069-8aa5-436c-b266-d364276c449a,Sprint 17,9/7/2025,9/20/2025,Stabilize release quality,2024-10-12T19:25:32.357847
f3c8e6fd-c055-47d5-9c1d-ce14526513c4,5a12d069-8aa5-436c-b266-d364276c449a,Sprint 18,9/21/2025,10/4/2025,Ship customer-requested enhancements,2025-06-17T19:25:32.357847
2ce1e8f0-cc26-4d50-909f-58c7cacc53c1,5a12d069-8aa5-436c-b266-d364276c449a,Sprint 19,10/5/2025,10/18/2025,Deliver priority roadmap items,2024-06-06T19:25:32.357847
2ac06acf-880b-4032-96d7-1680dcf0bb15,5a12d069-8aa5-436c-b266-d364276c449a,Sprint 20,10/19/2025,11/1/2025,Deliver priority roadmap items,2024-09-03T19:25:32.357847
fd5aacf6-3945-43a2-ad7f-04d058261994,933533cc-baa3-470b-abb3-b75096a9bb13,Sprint 01,1/18/2025,1/31/2025,Reduce cycle time,2025-09-07T19:25:32.357847
01c2d08d-3184-4685-9ba4-41f2280b9b2b,933533cc-baa3-470b-abb3-b75096a9bb13,Sprint 02,2/1/2025,2/14/2025,Improve test automation coverage,2024-11-04T19:25:32.357847
e7ba8729-9de1-4354-8fad-fe6549e4b942,933533cc-baa3-470b-abb3-b75096a9bb13,Sprint 03,2/15/2025,2/28/2025,Improve test automation coverage,2024-11-04T19:25:32.357847
aeb9c39c-dae5-4f6a-8f70-fde7bd2eb552,933533cc-baa3-470b-abb3-b75096a9bb13,Sprint 04,3/1/2025,3/14/2025,Enhance authentication and security posture,2024-12-21T19:25:32.357847
db2b39a6-8b58-43ee-9a73-49090e23920b,933533cc-baa3-470b-abb3-b75096a9bb13,Sprint 05,3/15/2025,3/28/2025,Stabilize release quality,2025-12-10T19:25:32.357847
4e5f8f46-407a-4e4e-bbe0-3d9427f07663,933533cc-baa3-470b-abb3-b75096a9bb13,Sprint 06,3/29/2025,4/11/2025,,2025-06-27T19:25:32.357847
d1cad846-45fd-40aa-8ca5-c1f9b6b0ff38,933533cc-baa3-470b-abb3-b75096a9bb13,Sprint 07,4/12/2025,4/25/2025,Reduce technical debt,2026-01-03T19:25:32.357847
071c7440-b51b-4ca4-bf48-4573d3582aa4,933533cc-baa3-470b-abb3-b75096a9bb13,Sprint 08,4/26/2025,5/9/2025,Reduce technical debt,2024-07-23T19:25:32.357847
7cc3f264-236c-4762-a85d-fb258cf7438c,933533cc-baa3-470b-abb3-b75096a9bb13,Sprint 09,5/10/2025,5/23/2025,Improve reliability and observability,2025-12-30T19:25:32.357847
cc821dc4-0f67-4fe3-8dcb-8723cedf0205,933533cc-baa3-470b-abb3-b75096a9bb13,Sprint 10,5/24/2025,6/6/2025,Stabilize release quality,2025-05-08T19:25:32.357847
0e42b30c-9790-4f70-a3a0-5a4bae3fef56,933533cc-baa3-470b-abb3-b75096a9bb13,Sprint 11,6/7/2025,6/20/2025,Improve reliability and observability,2025-01-30T19:25:32.357847
807af7e4-6faa-44cb-8921-bc39f46d5103,933533cc-baa3-470b-abb3-b75096a9bb13,Sprint 12,6/21/2025,7/4/2025,Ship customer-requested enhancements,2025-09-07T19:25:32.357847
434e48be-305e-47ce-9d6d-24a4d66e8a5b,933533cc-baa3-470b-abb3-b75096a9bb13,Sprint 13,7/5/2025,7/18/2025,Reduce cycle time,2024-12-21T19:25:32.357847
68fda224-6c1c-4851-af7a-0b62ce73bec4,933533cc-baa3-470b-abb3-b75096a9bb13,Sprint 14,7/19/2025,8/1/2025,,2025-03-10T19:25:32.357847
70374af5-f177-47d1-9bf7-60e1fc52151d,933533cc-baa3-470b-abb3-b75096a9bb13,Sprint 15,8/2/2025,8/15/2025,Deliver priority roadmap items,2025-11-12T19:25:32.357847
237327f8-f9bb-4c29-976d-67e57ac0ef71,933533cc-baa3-470b-abb3-b75096a9bb13,Sprint 16,8/16/2025,8/29/2025,Stabilize release quality,2025-03-18T19:25:32.357847
972df934-c9ea-46e4-8f2c-350e9459bca3,933533cc-baa3-470b-abb3-b75096a9bb13,Sprint 17,8/30/2025,9/12/2025,Ship customer-requested enhancements,2024-10-08T19:25:32.357847
6780ff0c-c370-4f7f-ab8c-7bd3d80c34b8,933533cc-baa3-470b-abb3-b75096a9bb13,Sprint 18,9/13/2025,9/26/2025,,2024-07-30T19:25:32.357847
efdc45f9-7b52-44c1-bb81-012bf67bad04,933533cc-baa3-470b-abb3-b75096a9bb13,Sprint 19,9/27/2025,10/10/2025,Reduce technical debt,2024-10-30T19:25:32.357847
ed3f2930-6aad-47e2-b211-351c10a076ff,933533cc-baa3-470b-abb3-b75096a9bb13,Sprint 20,10/11/2025,10/24/2025,Deliver priority roadmap items,2025-02-01T19:25:32.357847
c1bc03d9-abf0-43e8-a68e-46be44d9fd10,318beaf9-d15f-4f84-ac27-dd5921a71511,Sprint 01,1/20/2025,2/2/2025,Enhance authentication and security posture,2025-01-15T19:25:32.357847
f589d4e0-1075-4c53-ae1a-268a08169681,318beaf9-d15f-4f84-ac27-dd5921a71511,Sprint 02,2/3/2025,2/16/2025,Improve reliability and observability,2025-08-02T19:25:32.357847
0e6b087f-fe30-40aa-a84e-8941b0b299a5,318beaf9-d15f-4f84-ac27-dd5921a71511,Sprint 03,2/17/2025,3/2/2025,Improve test automation coverage,2025-12-29T19:25:32.357847
f8e097d5-11e1-4e90-9876-b26eea628768,318beaf9-d15f-4f84-ac27-dd5921a71511,Sprint 04,3/3/2025,3/16/2025,Improve reliability and observability,2025-06-02T19:25:32.357847
313dea96-8c20-49a8-8552-bee5e073c42f,318beaf9-d15f-4f84-ac27-dd5921a71511,Sprint 05,3/17/2025,3/30/2025,Deliver priority roadmap items,2025-06-15T19:25:32.357847
04ad5bd6-f43f-4b1e-967f-1a4078f6d3ef,318beaf9-d15f-4f84-ac27-dd5921a71511,Sprint 06,3/31/2025,4/13/2025,Stabilize release quality,2024-08-19T19:25:32.357847
80ef846a-5d23-4975-9537-62979d5b253b,318beaf9-d15f-4f84-ac27-dd5921a71511,Sprint 07,4/14/2025,4/27/2025,Deliver priority roadmap items,2025-09-13T19:25:32.357847
139b77cb-5f8e-4f57-a93d-627221453fcf,318beaf9-d15f-4f84-ac27-dd5921a71511,Sprint 08,4/28/2025,5/11/2025,Reduce technical debt,2025-12-10T19:25:32.357847
1c2b19ca-8830-4725-ad00-df94d9fd4cb7,318beaf9-d15f-4f84-ac27-dd5921a71511,Sprint 09,5/12/2025,5/25/2025,Improve test automation coverage,2025-05-01T19:25:32.357847
d29ee97b-ae4b-4f87-9261-ff2a3ed4bec6,318beaf9-d15f-4f84-ac27-dd5921a71511,Sprint 10,5/26/2025,6/8/2025,,2025-11-29T19:25:32.357847
553a575c-6a90-44f9-88a4-98307956b4c1,318beaf9-d15f-4f84-ac27-dd5921a71511,Sprint 11,6/9/2025,6/22/2025,Stabilize release quality,2025-09-29T19:25:32.357847
f688cf85-0244-42ca-8a44-81cf53e7e2ac,318beaf9-d15f-4f84-ac27-dd5921a71511,Sprint 12,6/23/2025,7/6/2025,Stabilize release quality,2025-11-29T19:25:32.357847
0e13c279-858e-4602-8a90-f4df869d322f,318beaf9-d15f-4f84-ac27-dd5921a71511,Sprint 13,7/7/2025,7/20/2025,Reduce cycle time,2024-11-17T19:25:32.357847
6c2de4b7-4b1b-41cd-974c-2c4f1507b22e,318beaf9-d15f-4f84-ac27-dd5921a71511,Sprint 14,7/21/2025,8/3/2025,Enhance authentication and security posture,2024-12-24T19:25:32.357847
ef204092-382f-4eb1-8fd0-b95b12d0098a,318beaf9-d15f-4f84-ac27-dd5921a71511,Sprint 15,8/4/2025,8/17/2025,Reduce cycle time,2024-07-06T19:25:32.357847
6d8fe737-de47-4838-9b84-7ba4fed47679,318beaf9-d15f-4f84-ac27-dd5921a71511,Sprint 16,8/18/2025,8/31/2025,Ship customer-requested enhancements,2024-09-19T19:25:32.357847
1dbdc2e3-a8a7-4d8b-a114-f14c3c23b647,318beaf9-d15f-4f84-ac27-dd5921a71511,Sprint 17,9/1/2025,9/14/2025,Deliver priority roadmap items,2025-06-21T19:25:32.357847
7d851627-b1a4-49e6-85e8-5cdcbf76b622,318beaf9-d15f-4f84-ac27-dd5921a71511,Sprint 18,9/15/2025,9/28/2025,Stabilize release quality,2025-03-15T19:25:32.357847
915b2a8f-cd57-4d5c-a42c-73cf2d225171,318beaf9-d15f-4f84-ac27-dd5921a71511,Sprint 19,9/29/2025,10/12/2025,Improve test automation coverage,2025-10-06T19:25:32.357847
9d804da9-36f7-402d-ada7-a5902fb829ab,318beaf9-d15f-4f84-ac27-dd5921a71511,Sprint 20,10/13/2025,10/26/2025,,2025-04-16T19:25:32.357847
607bffc9-d117-4e67-969d-a588bf443939,b30c5a1e-8330-4735-a3d7-c3410f3ca99b,Sprint 01,1/22/2025,2/4/2025,Deliver priority roadmap items,2024-11-15T19:25:32.357847
197428f9-2029-4b93-97dc-01ba9f6b8db3,b30c5a1e-8330-4735-a3d7-c3410f3ca99b,Sprint 02,2/5/2025,2/18/2025,Reduce cycle time,2024-08-12T19:25:32.357847
edaad8c0-7d80-4647-a6d1-0c22523f09d8,b30c5a1e-8330-4735-a3d7-c3410f3ca99b,Sprint 03,2/19/2025,3/4/2025,Reduce cycle time,2025-04-03T19:25:32.357847
0ee69b06-f387-4a17-b55c-8466be44eae0,b30c5a1e-8330-4735-a3d7-c3410f3ca99b,Sprint 04,3/5/2025,3/18/2025,Reduce cycle time,2025-10-01T19:25:32.357847
94b6eaaa-deb3-4a1d-a5e3-4b3b044813dd,b30c5a1e-8330-4735-a3d7-c3410f3ca99b,Sprint 05,3/19/2025,4/1/2025,Enhance authentication and security posture,2025-06-28T19:25:32.357847
5c01734f-3076-421a-bf73-bd629b81b6cc,b30c5a1e-8330-4735-a3d7-c3410f3ca99b,Sprint 06,4/2/2025,4/15/2025,Improve reliability and observability,2025-04-23T19:25:32.357847
b15b44a5-d035-49a4-b609-f4b3287f72e8,b30c5a1e-8330-4735-a3d7-c3410f3ca99b,Sprint 07,4/16/2025,4/29/2025,,2025-06-25T19:25:32.357847
36df1b11-9bd3-45bb-bd5b-cd3291453faa,b30c5a1e-8330-4735-a3d7-c3410f3ca99b,Sprint 08,4/30/2025,5/13/2025,Reduce technical debt,2024-11-24T19:25:32.357847
115bc35c-5e5d-4cf3-a8d1-e8e99d7a37a1,b30c5a1e-8330-4735-a3d7-c3410f3ca99b,Sprint 09,5/14/2025,5/27/2025,Ship customer-requested enhancements,2025-08-06T19:25:32.357847
9d9af7ea-bac4-450e-bce4-3906e07f9376,b30c5a1e-8330-4735-a3d7-c3410f3ca99b,Sprint 10,5/28/2025,6/10/2025,Stabilize release quality,2024-07-05T19:25:32.357847
7ebbbd68-3962-4b6b-903b-d4678ead139c,b30c5a1e-8330-4735-a3d7-c3410f3ca99b,Sprint 11,6/11/2025,6/24/2025,Enhance authentication and security posture,2025-06-19T19:25:32.357847
eb802ce5-c811-4bc4-8f58-1cf14d21661c,b30c5a1e-8330-4735-a3d7-c3410f3ca99b,Sprint 12,6/25/2025,7/8/2025,Enhance authentication and security posture,2025-02-13T19:25:32.357847
6780709b-7ab5-435c-8f92-a350a2ec9640,b30c5a1e-8330-4735-a3d7-c3410f3ca99b,Sprint 13,7/9/2025,7/22/2025,Improve reliability and observability,2026-01-15T19:25:32.357847
3eb625a5-e87a-4895-9bbe-28c592f71ca1,b30c5a1e-8330-4735-a3d7-c3410f3ca99b,Sprint 14,7/23/2025,8/5/2025,Stabilize release quality,2025-10-18T19:25:32.357847
560b01f3-d965-4dff-ac07-587a3a1313ce,b30c5a1e-8330-4735-a3d7-c3410f3ca99b,Sprint 15,8/6/2025,8/19/2025,Reduce cycle time,2024-06-09T19:25:32.357847
7d4161f0-5302-4d80-b1d5-74f2acd75efd,b30c5a1e-8330-4735-a3d7-c3410f3ca99b,Sprint 16,8/20/2025,9/2/2025,Enhance authentication and security posture,2025-08-18T19:25:32.357847
97f5c322-a55a-4ac3-a415-be4df90fec41,b30c5a1e-8330-4735-a3d7-c3410f3ca99b,Sprint 17,9/3/2025,9/16/2025,Reduce cycle time,2024-08-12T19:25:32.357847
1ebb12ca-19ea-4bdb-95fb-d9605edb180a,b30c5a1e-8330-4735-a3d7-c3410f3ca99b,Sprint 18,9/17/2025,9/30/2025,Reduce cycle time,2025-10-06T19:25:32.357847
c47d5578-8b82-44dc-96a3-268292967b5e,b30c5a1e-8330-4735-a3d7-c3410f3ca99b,Sprint 19,10/1/2025,10/14/2025,Ship customer-requested enhancements,2025-05-26T19:25:32.357847
3b7488e0-c81b-475f-b56d-f49ca000072e,b30c5a1e-8330-4735-a3d7-c3410f3ca99b,Sprint 20,10/15/2025,10/28/2025,Enhance authentication and security posture,2025-03-20T19:25:32.357847
dd6d09b9-13c0-4d07-bf83-12ea71895286,8b1d55f6-adba-455e-aa45-550124500e18,Sprint 01,1/24/2025,2/6/2025,Ship customer-requested enhancements,2024-09-29T19:25:32.357847
9aeffc17-0beb-4b25-8d0c-05ceb2183151,8b1d55f6-adba-455e-aa45-550124500e18,Sprint 02,2/7/2025,2/20/2025,Stabilize release quality,2025-10-07T19:25:32.357847
e0c2a518-b56f-40a4-8d59-e77b47271ea5,8b1d55f6-adba-455e-aa45-550124500e18,Sprint 03,2/21/2025,3/6/2025,Deliver priority roadmap items,2025-12-08T19:25:32.357847
54b74be3-8327-49bc-8913-b2ce485648b1,8b1d55f6-adba-455e-aa45-550124500e18,Sprint 04,3/7/2025,3/20/2025,Ship customer-requested enhancements,2025-01-14T19:25:32.357847
3ef894b6-89d6-4327-bdc2-88b478fd8feb,8b1d55f6-adba-455e-aa45-550124500e18,Sprint 05,3/21/2025,4/3/2025,Reduce technical debt,2024-11-07T19:25:32.357847
2af2b2f2-4fed-4f2c-a48e-e9d9d8fb2b6e,8b1d55f6-adba-455e-aa45-550124500e18,Sprint 06,4/4/2025,4/17/2025,Reduce cycle time,2025-10-12T19:25:32.357847
fc82272c-564a-494d-b767-5a04ea06835d,8b1d55f6-adba-455e-aa45-550124500e18,Sprint 07,4/18/2025,5/1/2025,Stabilize release quality,2026-01-08T19:25:32.357847
fe51ce0d-4c6c-4c96-8384-0593743a6ce4,8b1d55f6-adba-455e-aa45-550124500e18,Sprint 08,5/2/2025,5/15/2025,Deliver priority roadmap items,2025-07-27T19:25:32.357847
fa925084-e60d-43d3-8b8e-5f292cc681dc,8b1d55f6-adba-455e-aa45-550124500e18,Sprint 09,5/16/2025,5/29/2025,Reduce technical debt,2025-01-16T19:25:32.357847
f859f4ee-5aab-4b87-a256-05a76396ea95,8b1d55f6-adba-455e-aa45-550124500e18,Sprint 10,5/30/2025,6/12/2025,Enhance authentication and security posture,2025-04-18T19:25:32.357847
7db439eb-4433-4dc3-887d-957f940756b7,8b1d55f6-adba-455e-aa45-550124500e18,Sprint 11,6/13/2025,6/26/2025,Reduce cycle time,2025-01-01T19:25:32.357847
336bc928-8770-436c-a918-729f10905e77,8b1d55f6-adba-455e-aa45-550124500e18,Sprint 12,6/27/2025,7/10/2025,Reduce technical debt,2025-07-14T19:25:32.357847
ad8a91f5-8e60-4a31-8dab-b68b7ebed1f0,8b1d55f6-adba-455e-aa45-550124500e18,Sprint 13,7/11/2025,7/24/2025,Reduce cycle time,2024-12-03T19:25:32.357847
cfcb395d-2ca4-4cf3-ac8a-3941166d0e87,8b1d55f6-adba-455e-aa45-550124500e18,Sprint 14,7/25/2025,8/7/2025,Improve test automation coverage,2024-10-07T19:25:32.357847
fc333675-8e70-467f-b61f-d56c0a8594f6,8b1d55f6-adba-455e-aa45-550124500e18,Sprint 15,8/8/2025,8/21/2025,Ship customer-requested enhancements,2024-12-19T19:25:32.357847
ff4d02a9-ab5b-4298-b8ce-5b8960ee112c,8b1d55f6-adba-455e-aa45-550124500e18,Sprint 16,8/22/2025,9/4/2025,Enhance authentication and security posture,2024-11-12T19:25:32.357847
f516d6ef-51aa-4b1f-ba1a-25239af439fa,8b1d55f6-adba-455e-aa45-550124500e18,Sprint 17,9/5/2025,9/18/2025,Deliver priority roadmap items,2025-09-24T19:25:32.357847
3c3830fd-bc89-490c-92c9-181c70850201,8b1d55f6-adba-455e-aa45-550124500e18,Sprint 18,9/19/2025,10/2/2025,Deliver priority roadmap items,2025-11-18T19:25:32.357847
cb4b09ce-87b1-46cd-a349-9cbdaf280f29,8b1d55f6-adba-455e-aa45-550124500e18,Sprint 19,10/3/2025,10/16/2025,Deliver priority roadmap items,2025-10-03T19:25:32.357847
e5bf0ab4-de2a-4b06-afd8-f4b5022c904a,8b1d55f6-adba-455e-aa45-550124500e18,Sprint 20,10/17/2025,10/30/2025,Improve test automation coverage,2024-09-10T19:25:32.357847
3271cff9-5050-45f8-bd1c-d5fc4d82260d,4e1c9021-15f1-4a02-915e-da7bbc3280b6,Sprint 01,1/26/2025,2/8/2025,Enhance authentication and security posture,2025-07-16T19:25:32.357847
b1cad882-5178-43bd-959f-a01a86519a96,4e1c9021-15f1-4a02-915e-da7bbc3280b6,Sprint 02,2/9/2025,2/22/2025,Improve test automation coverage,2025-01-15T19:25:32.357847
e6dfae65-d692-40b3-8157-8f8449d5d1ab,4e1c9021-15f1-4a02-915e-da7bbc3280b6,Sprint 03,2/23/2025,3/8/2025,Stabilize release quality,2025-09-06T19:25:32.357847
9764e8c3-0229-4511-9525-9901d40f93db,4e1c9021-15f1-4a02-915e-da7bbc3280b6,Sprint 04,3/9/2025,3/22/2025,Enhance authentication and security posture,2024-09-05T19:25:32.357847
e8f939d4-bef1-41ad-97e1-be0da18e470b,4e1c9021-15f1-4a02-915e-da7bbc3280b6,Sprint 05,3/23/2025,4/5/2025,Reduce cycle time,2024-11-22T19:25:32.357847
d82fa4b1-cdfa-4bbe-bd1d-b65e201dcc78,4e1c9021-15f1-4a02-915e-da7bbc3280b6,Sprint 06,4/6/2025,4/19/2025,Enhance authentication and security posture,2025-12-01T19:25:32.357847
eaef55f3-5e6a-4144-b7ca-38a71c3e49ec,4e1c9021-15f1-4a02-915e-da7bbc3280b6,Sprint 07,4/20/2025,5/3/2025,Reduce cycle time,2025-04-25T19:25:32.357847
c617b9cd-aa0f-4799-8c81-c986f2150ebc,4e1c9021-15f1-4a02-915e-da7bbc3280b6,Sprint 08,5/4/2025,5/17/2025,Reduce technical debt,2026-01-05T19:25:32.357847
ead1eb52-066a-453b-8f01-1b9b55fed0eb,4e1c9021-15f1-4a02-915e-da7bbc3280b6,Sprint 09,5/18/2025,5/31/2025,,2024-06-06T19:25:32.357847
ed25456c-4aa9-448c-bd5a-3e913851ce9e,4e1c9021-15f1-4a02-915e-da7bbc3280b6,Sprint 10,6/1/2025,6/14/2025,Improve reliability and observability,2025-02-05T19:25:32.357847
5d420c06-ce84-4c59-85d6-03b49cd582be,4e1c9021-15f1-4a02-915e-da7bbc3280b6,Sprint 11,6/15/2025,6/28/2025,,2024-07-31T19:25:32.357847
ab35cad4-915c-44de-aaa7-485b694c3e02,4e1c9021-15f1-4a02-915e-da7bbc3280b6,Sprint 12,6/29/2025,7/12/2025,Reduce cycle time,2024-10-31T19:25:32.357847
d151a6da-1e4b-4a19-b35a-dad9562b7da1,4e1c9021-15f1-4a02-915e-da7bbc3280b6,Sprint 13,7/13/2025,7/26/2025,Improve reliability and observability,2024-09-11T19:25:32.357847
4e0403ce-05fd-43a5-a6aa-5748004b131f,4e1c9021-15f1-4a02-915e-da7bbc3280b6,Sprint 14,7/27/2025,8/9/2025,Reduce technical debt,2024-12-19T19:25:32.357847
eca5709b-5c95-4d00-95b4-726b0c8eee4a,4e1c9021-15f1-4a02-915e-da7bbc3280b6,Sprint 15,8/10/2025,8/23/2025,Deliver priority roadmap items,2024-06-25T19:25:32.357847
76f4f76a-28de-49a5-a259-09ec0960ee2e,4e1c9021-15f1-4a02-915e-da7bbc3280b6,Sprint 16,8/24/2025,9/6/2025,Stabilize release quality,2026-01-06T19:25:32.357847
6fd06af1-1c7b-488b-9ffc-d1ce1899f5a5,4e1c9021-15f1-4a02-915e-da7bbc3280b6,Sprint 17,9/7/2025,9/20/2025,Deliver priority roadmap items,2024-08-18T19:25:32.357847
b444a233-ac69-4865-99a6-a0abdfde263b,4e1c9021-15f1-4a02-915e-da7bbc3280b6,Sprint 18,9/21/2025,10/4/2025,Enhance authentication and security posture,2024-08-28T19:25:32.357847
2e28da22-1e2e-44a8-8440-bec96a890e69,4e1c9021-15f1-4a02-915e-da7bbc3280b6,Sprint 19,10/5/2025,10/18/2025,Deliver priority roadmap items,2025-11-02T19:25:32.357847
c0e103ab-bf61-487c-ab06-924516701774,4e1c9021-15f1-4a02-915e-da7bbc3280b6,Sprint 20,10/19/2025,11/1/2025,Enhance authentication and security posture,2025-02-23T19:25:32.357847
ebb90a44-8f3e-4a85-9ee0-09ab13379966,d9ce1a61-299b-477c-ad7e-7dba3afea44e,Sprint 01,1/18/2025,1/31/2025,Improve reliability and observability,2025-02-13T19:25:32.357847
81d4242e-abb0-4400-9e7b-39ac23fa7782,d9ce1a61-299b-477c-ad7e-7dba3afea44e,Sprint 02,2/1/2025,2/14/2025,Ship customer-requested enhancements,2025-11-27T19:25:32.357847
1d05b843-f3dc-4456-a1a1-279ccc1415c1,d9ce1a61-299b-477c-ad7e-7dba3afea44e,Sprint 03,2/15/2025,2/28/2025,,2025-06-03T19:25:32.357847
a45826ae-e7e6-487f-aabc-1068ef5a7962,d9ce1a61-299b-477c-ad7e-7dba3afea44e,Sprint 04,3/1/2025,3/14/2025,,2024-12-26T19:25:32.357847
51a7bf59-6e15-4896-925b-85e2baf68617,d9ce1a61-299b-477c-ad7e-7dba3afea44e,Sprint 05,3/15/2025,3/28/2025,Improve test automation coverage,2025-05-22T19:25:32.357847
4070a631-9195-4a10-b366-83aa1303120d,d9ce1a61-299b-477c-ad7e-7dba3afea44e,Sprint 06,3/29/2025,4/11/2025,Reduce cycle time,2024-10-04T19:25:32.357847
50c7f65c-af16-493c-b440-085a709c631c,d9ce1a61-299b-477c-ad7e-7dba3afea44e,Sprint 07,4/12/2025,4/25/2025,Enhance authentication and security posture,2024-06-10T19:25:32.357847
7707ef71-c493-4341-a7f2-f5c0932e553b,d9ce1a61-299b-477c-ad7e-7dba3afea44e,Sprint 08,4/26/2025,5/9/2025,Enhance authentication and security posture,2025-10-19T19:25:32.357847
1c67b811-8a2b-40ee-9d96-4e1ad8eec1da,d9ce1a61-299b-477c-ad7e-7dba3afea44e,Sprint 09,5/10/2025,5/23/2025,Enhance authentication and security posture,2024-10-17T19:25:32.357847
616adfb0-ae53-4393-8532-9b0faf107508,d9ce1a61-299b-477c-ad7e-7dba3afea44e,Sprint 10,5/24/2025,6/6/2025,Reduce technical debt,2025-09-18T19:25:32.357847
15421907-0206-45b5-8876-84ed16a3fda5,d9ce1a61-299b-477c-ad7e-7dba3afea44e,Sprint 11,6/7/2025,6/20/2025,Enhance authentication and security posture,2025-12-30T19:25:32.357847
e2e57706-5cff-461a-bc79-08f83e763f10,d9ce1a61-299b-477c-ad7e-7dba3afea44e,Sprint 12,6/21/2025,7/4/2025,Reduce cycle time,2024-11-30T19:25:32.357847
ece75c04-61e1-43f8-b07c-bbe7cc969b7f,d9ce1a61-299b-477c-ad7e-7dba3afea44e,Sprint 13,7/5/2025,7/18/2025,Improve test automation coverage,2025-12-12T19:25:32.357847
08a7e371-38f4-4cf3-bc9e-39057fcb4642,d9ce1a61-299b-477c-ad7e-7dba3afea44e,Sprint 14,7/19/2025,8/1/2025,,2024-07-04T19:25:32.357847
6a830365-c787-4e02-8473-453339e2b14f,d9ce1a61-299b-477c-ad7e-7dba3afea44e,Sprint 15,8/2/2025,8/15/2025,Stabilize release quality,2025-10-16T19:25:32.357847
e0aab087-8906-4763-b3a2-94c0b2c4396e,d9ce1a61-299b-477c-ad7e-7dba3afea44e,Sprint 16,8/16/2025,8/29/2025,Ship customer-requested enhancements,2024-08-15T19:25:32.357847
b6b11a40-b257-4afc-9969-afb4f2ef73a1,d9ce1a61-299b-477c-ad7e-7dba3afea44e,Sprint 17,8/30/2025,9/12/2025,,2025-06-20T19:25:32.357847
56aca50e-9b80-4500-a8e0-535baf182d7b,d9ce1a61-299b-477c-ad7e-7dba3afea44e,Sprint 18,9/13/2025,9/26/2025,Enhance authentication and security posture,2025-02-02T19:25:32.357847
2c76af05-29e0-4063-bb95-8c0d36d02d34,d9ce1a61-299b-477c-ad7e-7dba3afea44e,Sprint 19,9/27/2025,10/10/2025,Reduce technical debt,2025-11-23T19:25:32.357847
cb907bbf-b3ad-4e08-81a1-98990ffe95d1,d9ce1a61-299b-477c-ad7e-7dba3afea44e,Sprint 20,10/11/2025,10/24/2025,Improve reliability and observability,2024-10-09T19:25:32.357847
8de1ac8b-d059-4f8e-bc82-00362636d680,4d8fd0c8-f019-423d-8766-bb786166675a,Sprint 01,1/20/2025,2/2/2025,Reduce technical debt,2024-06-23T19:25:32.357847
9bc1f0b2-e5a7-4784-a400-a4b9c5943990,4d8fd0c8-f019-423d-8766-bb786166675a,Sprint 02,2/3/2025,2/16/2025,Enhance authentication and security posture,2025-01-10T19:25:32.357847
26d196fb-e4b0-4365-9daf-c46e56e92dc7,4d8fd0c8-f019-423d-8766-bb786166675a,Sprint 03,2/17/2025,3/2/2025,Enhance authentication and security posture,2025-09-23T19:25:32.357847
323b0186-bae8-4431-9ffd-8567a97f7044,4d8fd0c8-f019-423d-8766-bb786166675a,Sprint 04,3/3/2025,3/16/2025,Reduce cycle time,2025-06-04T19:25:32.357847
727753c4-91aa-402e-8302-bfbdd4b5cdf4,4d8fd0c8-f019-423d-8766-bb786166675a,Sprint 05,3/17/2025,3/30/2025,Stabilize release quality,2025-02-02T19:25:32.357847
4d21c0c4-352b-4123-98de-2afea5c6d615,4d8fd0c8-f019-423d-8766-bb786166675a,Sprint 06,3/31/2025,4/13/2025,Reduce technical debt,2025-03-25T19:25:32.357847
9fe35cf9-4966-4ab1-926e-cc259381817e,4d8fd0c8-f019-423d-8766-bb786166675a,Sprint 07,4/14/2025,4/27/2025,,2024-08-01T19:25:32.357847
c3043761-e943-4bf5-9e18-fe83a6724648,4d8fd0c8-f019-423d-8766-bb786166675a,Sprint 08,4/28/2025,5/11/2025,Reduce technical debt,2025-10-01T19:25:32.357847
ff64edc4-1143-405a-aee9-cf6247af894f,4d8fd0c8-f019-423d-8766-bb786166675a,Sprint 09,5/12/2025,5/25/2025,Stabilize release quality,2025-08-02T19:25:32.357847
af8dd13a-737f-47b3-bd66-132a4fcf09f5,4d8fd0c8-f019-423d-8766-bb786166675a,Sprint 10,5/26/2025,6/8/2025,Enhance authentication and security posture,2025-08-27T19:25:32.357847
cb4381e6-f9aa-4376-b3d5-60c46df69475,4d8fd0c8-f019-423d-8766-bb786166675a,Sprint 11,6/9/2025,6/22/2025,Improve test automation coverage,2025-09-30T19:25:32.357847
18046857-20c8-49bc-a3f9-0968efa393f8,4d8fd0c8-f019-423d-8766-bb786166675a,Sprint 12,6/23/2025,7/6/2025,Ship customer-requested enhancements,2025-07-01T19:25:32.357847
ee764cdf-d1b9-4076-82a8-df30a7a5711c,4d8fd0c8-f019-423d-8766-bb786166675a,Sprint 13,7/7/2025,7/20/2025,Improve reliability and observability,2025-09-16T19:25:32.357847
71f664af-6fb9-4f28-b1b0-80843b640b53,4d8fd0c8-f019-423d-8766-bb786166675a,Sprint 14,7/21/2025,8/3/2025,Improve test automation coverage,2025-06-11T19:25:32.357847
fc9a546f-3345-4cae-861d-ca728785b484,4d8fd0c8-f019-423d-8766-bb786166675a,Sprint 15,8/4/2025,8/17/2025,Enhance authentication and security posture,2025-07-06T19:25:32.357847
3a58ec31-5e01-477f-bf7d-468264261884,4d8fd0c8-f019-423d-8766-bb786166675a,Sprint 16,8/18/2025,8/31/2025,Reduce technical debt,2025-09-29T19:25:32.357847
860b5003-e36f-4691-9154-92acc91e1b97,4d8fd0c8-f019-423d-8766-bb786166675a,Sprint 17,9/1/2025,9/14/2025,Improve test automation coverage,2025-12-01T19:25:32.357847
85ec3940-1c65-41e8-8d9a-17c65356a8c6,4d8fd0c8-f019-423d-8766-bb786166675a,Sprint 18,9/15/2025,9/28/2025,Reduce cycle time,2024-10-13T19:25:32.357847
503ed52e-d3f6-40cf-a815-5185888e4225,4d8fd0c8-f019-423d-8766-bb786166675a,Sprint 19,9/29/2025,10/12/2025,Enhance authentication and security posture,2024-08-19T19:25:32.357847
9f14ab83-d9b7-4256-b904-88b3259ac698,4d8fd0c8-f019-423d-8766-bb786166675a,Sprint 20,10/13/2025,10/26/2025,Deliver priority roadmap items,2024-08-25T19:25:32.357847
3366719f-f438-444a-969f-4eaec453eb06,ffaade6c-98e2-47b9-9b30-de496a1006cb,Sprint 01,1/22/2025,2/4/2025,Stabilize release quality,2024-07-23T19:25:32.357847
052881a2-36d9-466d-bb94-cea0b9564dbf,ffaade6c-98e2-47b9-9b30-de496a1006cb,Sprint 02,2/5/2025,2/18/2025,Stabilize release quality,2024-06-30T19:25:32.357847
5d2d4303-ec69-41ba-8588-d5be3383daad,ffaade6c-98e2-47b9-9b30-de496a1006cb,Sprint 03,2/19/2025,3/4/2025,Improve test automation coverage,2024-05-28T19:25:32.357847
22e6c988-6096-40be-9bd4-ad91e9c6443f,ffaade6c-98e2-47b9-9b30-de496a1006cb,Sprint 04,3/5/2025,3/18/2025,Enhance authentication and security posture,2024-08-15T19:25:32.357847
8be9dd00-666e-44f9-b733-02d93f1a5d09,ffaade6c-98e2-47b9-9b30-de496a1006cb,Sprint 05,3/19/2025,4/1/2025,Deliver priority roadmap items,2024-06-04T19:25:32.357847
a8ddf908-d0ee-44d6-9ed5-b12bf4cdc195,ffaade6c-98e2-47b9-9b30-de496a1006cb,Sprint 06,4/2/2025,4/15/2025,Deliver priority roadmap items,2025-09-08T19:25:32.357847
1951f217-edd0-4d19-a34c-953bda770235,ffaade6c-98e2-47b9-9b30-de496a1006cb,Sprint 07,4/16/2025,4/29/2025,Reduce cycle time,2024-12-17T19:25:32.357847
f962d3e5-bc90-4d6a-8a80-b5627ae48c86,ffaade6c-98e2-47b9-9b30-de496a1006cb,Sprint 08,4/30/2025,5/13/2025,Reduce technical debt,2024-08-19T19:25:32.357847
85fabe38-196e-48fc-822f-7504ab88332e,ffaade6c-98e2-47b9-9b30-de496a1006cb,Sprint 09,5/14/2025,5/27/2025,Improve test automation coverage,2024-11-15T19:25:32.357847
dc5b02b1-9ebe-465a-8adc-f67fa85f48a4,ffaade6c-98e2-47b9-9b30-de496a1006cb,Sprint 10,5/28/2025,6/10/2025,Improve reliability and observability,2025-04-12T19:25:32.357847
30239294-6683-4272-bddc-a47ea1ee0276,ffaade6c-98e2-47b9-9b30-de496a1006cb,Sprint 11,6/11/2025,6/24/2025,Improve test automation coverage,2025-01-31T19:25:32.357847
ee4f5687-30c1-4778-9d85-f1444917ec16,ffaade6c-98e2-47b9-9b30-de496a1006cb,Sprint 12,6/25/2025,7/8/2025,Ship customer-requested enhancements,2024-10-11T19:25:32.357847
46672890-b1dd-427e-babb-4f526694c326,ffaade6c-98e2-47b9-9b30-de496a1006cb,Sprint 13,7/9/2025,7/22/2025,Deliver priority roadmap items,2025-08-29T19:25:32.357847
08ffe97d-aa2d-4808-bd6c-2ed38e6692f4,ffaade6c-98e2-47b9-9b30-de496a1006cb,Sprint 14,7/23/2025,8/5/2025,Improve test automation coverage,2024-08-11T19:25:32.357847
53afd9c6-6bee-4b83-9222-cff973601413,ffaade6c-98e2-47b9-9b30-de496a1006cb,Sprint 15,8/6/2025,8/19/2025,Ship customer-requested enhancements,2024-07-06T19:25:32.357847
2ac5fdbe-1588-47ac-bf98-31be78ebdfb5,ffaade6c-98e2-47b9-9b30-de496a1006cb,Sprint 16,8/20/2025,9/2/2025,Reduce technical debt,2024-06-30T19:25:32.357847
ff5f345b-8ecf-44a3-9ea7-c50bdd9bfe95,ffaade6c-98e2-47b9-9b30-de496a1006cb,Sprint 17,9/3/2025,9/16/2025,Improve reliability and observability,2025-06-26T19:25:32.357847
d17b4bf4-671a-47b0-bba1-67386811079a,ffaade6c-98e2-47b9-9b30-de496a1006cb,Sprint 18,9/17/2025,9/30/2025,Improve reliability and observability,2025-03-26T19:25:32.357847
574cca44-9587-4269-a40f-62dee6be58d1,ffaade6c-98e2-47b9-9b30-de496a1006cb,Sprint 19,10/1/2025,10/14/2025,Reduce technical debt,2025-09-04T19:25:32.357847
8e368c6f-6d19-4b82-946a-e7628a8fe891,ffaade6c-98e2-47b9-9b30-de496a1006cb,Sprint 20,10/15/2025,10/28/2025,Deliver priority roadmap items,2024-08-20T19:25:32.357847
d19ea3f2-c05d-4f45-ada8-5330a3d302dc,1e385107-39a0-4585-831d-2e95970590be,Sprint 01,1/24/2025,2/6/2025,,2025-02-21T19:25:32.357847
021a82f7-1f16-40d3-9a50-8c0b9e27be6e,1e385107-39a0-4585-831d-2e95970590be,Sprint 02,2/7/2025,2/20/2025,Reduce cycle time,2025-01-22T19:25:32.357847
a3a926ee-b34d-4c75-b512-3b439a451761,1e385107-39a0-4585-831d-2e95970590be,Sprint 03,2/21/2025,3/6/2025,,2024-09-13T19:25:32.357847
edc9369c-8e3b-4a41-a3e5-6569aa39163a,1e385107-39a0-4585-831d-2e95970590be,Sprint 04,3/7/2025,3/20/2025,Improve test automation coverage,2024-07-20T19:25:32.357847
41506d7c-f416-470e-8157-58532ec96a17,1e385107-39a0-4585-831d-2e95970590be,Sprint 05,3/21/2025,4/3/2025,Ship customer-requested enhancements,2024-11-11T19:25:32.357847
03a6ef2e-2660-4949-af68-f2e860f31988,1e385107-39a0-4585-831d-2e95970590be,Sprint 06,4/4/2025,4/17/2025,Stabilize release quality,2024-07-31T19:25:32.357847
48a3bdd9-b084-416d-afbe-ff0d7142e9a8,1e385107-39a0-4585-831d-2e95970590be,Sprint 07,4/18/2025,5/1/2025,Reduce cycle time,2025-12-23T19:25:32.357847
a7d2c95f-1080-45b9-a002-bd22d09a6c15,1e385107-39a0-4585-831d-2e95970590be,Sprint 08,5/2/2025,5/15/2025,Improve test automation coverage,2025-08-22T19:25:32.357847
10cd35ef-5ec8-472d-aee2-755b84d52c81,1e385107-39a0-4585-831d-2e95970590be,Sprint 09,5/16/2025,5/29/2025,Stabilize release quality,2025-11-21T19:25:32.357847
8596dd56-5798-4dc0-a118-4e56bc17dfc2,1e385107-39a0-4585-831d-2e95970590be,Sprint 10,5/30/2025,6/12/2025,Improve reliability and observability,2025-04-19T19:25:32.357847
1247aae3-34d1-4af9-b5af-bac7e13dc099,1e385107-39a0-4585-831d-2e95970590be,Sprint 11,6/13/2025,6/26/2025,Deliver priority roadmap items,2025-03-30T19:25:32.357847
ba09f8c8-de19-46b4-8651-936d0d09bfc3,1e385107-39a0-4585-831d-2e95970590be,Sprint 12,6/27/2025,7/10/2025,Ship customer-requested enhancements,2025-08-21T19:25:32.357847
4687924c-e057-48fd-979f-2cfd8525b7e9,1e385107-39a0-4585-831d-2e95970590be,Sprint 13,7/11/2025,7/24/2025,Stabilize release quality,2025-03-21T19:25:32.357847
72e47b26-c057-46e2-9f5f-85c061c653e6,1e385107-39a0-4585-831d-2e95970590be,Sprint 14,7/25/2025,8/7/2025,Improve reliability and observability,2024-07-12T19:25:32.357847
447ed9ec-314c-4b43-96de-ba7472274627,1e385107-39a0-4585-831d-2e95970590be,Sprint 15,8/8/2025,8/21/2025,Stabilize release quality,2025-01-15T19:25:32.357847
ec45f694-7e89-4f2b-a5aa-867207cb6da6,1e385107-39a0-4585-831d-2e95970590be,Sprint 16,8/22/2025,9/4/2025,Enhance authentication and security posture,2025-10-05T19:25:32.357847
1868c816-2bb9-4bf2-8a7c-d4fe8cb79094,1e385107-39a0-4585-831d-2e95970590be,Sprint 17,9/5/2025,9/18/2025,,2025-06-02T19:25:32.357847
a1ce7f68-0c18-4cc1-9ead-da1595e0c7b8,1e385107-39a0-4585-831d-2e95970590be,Sprint 18,9/19/2025,10/2/2025,,2024-12-15T19:25:32.357847
387db95b-3ebc-4b94-877d-aa1841cef54e,1e385107-39a0-4585-831d-2e95970590be,Sprint 19,10/3/2025,10/16/2025,Improve reliability and observability,2024-08-12T19:25:32.357847
5cfbb947-7cc0-4058-aa15-31f601870f17,1e385107-39a0-4585-831d-2e95970590be,Sprint 20,10/17/2025,10/30/2025,Ship customer-requested enhancements,2025-11-30T19:25:32.357847
ccd1cb33-94ae-44c4-8b37-70f63edb293b,4bfdc391-9a8b-4aab-baca-9d0091f02b45,Sprint 01,1/26/2025,2/8/2025,Improve test automation coverage,2024-12-17T19:25:32.357847
79b3529c-2a9e-4b52-8672-2a24344033aa,4bfdc391-9a8b-4aab-baca-9d0091f02b45,Sprint 02,2/9/2025,2/22/2025,Improve test automation coverage,2025-03-03T19:25:32.357847
0d30bbfd-d58f-4e08-9aa8-8ab2a346d599,4bfdc391-9a8b-4aab-baca-9d0091f02b45,Sprint 03,2/23/2025,3/8/2025,,2025-11-23T19:25:32.357847
8e45eb0c-20f0-4d0f-94e3-85aa78b8ddd5,4bfdc391-9a8b-4aab-baca-9d0091f02b45,Sprint 04,3/9/2025,3/22/2025,Stabilize release quality,2025-05-05T19:25:32.357847
71e4f2da-04cd-40ca-a6b7-d999f963be08,4bfdc391-9a8b-4aab-baca-9d0091f02b45,Sprint 05,3/23/2025,4/5/2025,Improve reliability and observability,2024-10-21T19:25:32.357847
1be0a474-6681-4caa-b2dd-d6e4f0b112f0,4bfdc391-9a8b-4aab-baca-9d0091f02b45,Sprint 06,4/6/2025,4/19/2025,Improve reliability and observability,2025-01-06T19:25:32.357847
94a0cab6-eb1a-400f-80ed-5c67bded6a4f,4bfdc391-9a8b-4aab-baca-9d0091f02b45,Sprint 07,4/20/2025,5/3/2025,,2025-06-30T19:25:32.357847
055ca7e0-f768-4872-88db-ae8c2fb070a5,4bfdc391-9a8b-4aab-baca-9d0091f02b45,Sprint 08,5/4/2025,5/17/2025,Improve reliability and observability,2025-03-22T19:25:32.357847
0c3833a8-b84c-4aeb-b0c0-161fff44eb5e,4bfdc391-9a8b-4aab-baca-9d0091f02b45,Sprint 09,5/18/2025,5/31/2025,Enhance authentication and security posture,2025-07-20T19:25:32.357847
aab903cb-64e7-4edb-b2a8-17c5fa4fc656,4bfdc391-9a8b-4aab-baca-9d0091f02b45,Sprint 10,6/1/2025,6/14/2025,Reduce cycle time,2025-07-10T19:25:32.357847
aa08608b-8582-4d6b-be37-59090e5d2282,4bfdc391-9a8b-4aab-baca-9d0091f02b45,Sprint 11,6/15/2025,6/28/2025,Deliver priority roadmap items,2024-08-09T19:25:32.357847
0c4565f5-441b-4dc1-9593-cd04e9b7cc57,4bfdc391-9a8b-4aab-baca-9d0091f02b45,Sprint 12,6/29/2025,7/12/2025,Reduce cycle time,2024-12-27T19:25:32.357847
755fd65b-5ccc-44bb-9665-7fc3a37fe5a8,4bfdc391-9a8b-4aab-baca-9d0091f02b45,Sprint 13,7/13/2025,7/26/2025,Stabilize release quality,2024-11-05T19:25:32.357847
7323888b-76f8-407d-ab20-c693689235d5,4bfdc391-9a8b-4aab-baca-9d0091f02b45,Sprint 14,7/27/2025,8/9/2025,Ship customer-requested enhancements,2024-06-27T19:25:32.357847
b8d9b264-c8bf-4b6d-8041-5d31be6c08fd,4bfdc391-9a8b-4aab-baca-9d0091f02b45,Sprint 15,8/10/2025,8/23/2025,Ship customer-requested enhancements,2025-09-06T19:25:32.357847
b8bdd137-4b3b-464f-8e3f-e07c2bea1018,4bfdc391-9a8b-4aab-baca-9d0091f02b45,Sprint 16,8/24/2025,9/6/2025,Deliver priority roadmap items,2024-05-29T19:25:32.357847
025127fd-b7fb-4305-b0e8-39c3f04eb701,4bfdc391-9a8b-4aab-baca-9d0091f02b45,Sprint 17,9/7/2025,9/20/2025,Ship customer-requested enhancements,2026-01-12T19:25:32.357847
839ccdc8-4941-49e5-a696-2e2403d5163b,4bfdc391-9a8b-4aab-baca-9d0091f02b45,Sprint 18,9/21/2025,10/4/2025,Reduce technical debt,2024-09-27T19:25:32.357847
5bb53cd4-02ae-47f9-bff9-2578a13d12e3,4bfdc391-9a8b-4aab-baca-9d0091f02b45,Sprint 19,10/5/2025,10/18/2025,Deliver priority roadmap items,2025-12-08T19:25:32.357847
84811039-4999-45be-ada5-46d4b314c57e,4bfdc391-9a8b-4aab-baca-9d0091f02b45,Sprint 20,10/19/2025,11/1/2025,Deliver priority roadmap items,2025-02-21T19:25:32.357847
669a99eb-7c1d-4a63-b965-369cea27a440,3516d754-0922-468d-a18e-bec14b831875,Sprint 01,1/18/2025,1/31/2025,Stabilize release quality,2025-03-15T19:25:32.357847
b3f2923b-3d1a-4aa8-8ca3-aaa99490feb2,3516d754-0922-468d-a18e-bec14b831875,Sprint 02,2/1/2025,2/14/2025,Enhance authentication and security posture,2024-06-10T19:25:32.357847
2a1e6479-cb3c-4d37-89f9-3fa49c29e066,3516d754-0922-468d-a18e-bec14b831875,Sprint 03,2/15/2025,2/28/2025,,2025-01-16T19:25:32.357847
2dc0a620-748b-45c6-9f1f-a4278385ee3f,3516d754-0922-468d-a18e-bec14b831875,Sprint 04,3/1/2025,3/14/2025,Reduce cycle time,2025-02-26T19:25:32.357847
c621b125-8720-4d46-a07b-de3fc6ddf25b,3516d754-0922-468d-a18e-bec14b831875,Sprint 05,3/15/2025,3/28/2025,,2025-06-06T19:25:32.357847
e62aefa9-ad16-4a1c-83ef-6d69e4e17d71,3516d754-0922-468d-a18e-bec14b831875,Sprint 06,3/29/2025,4/11/2025,Deliver priority roadmap items,2024-08-02T19:25:32.357847
a45bc59b-9b17-426b-8851-44b7f13545fb,3516d754-0922-468d-a18e-bec14b831875,Sprint 07,4/12/2025,4/25/2025,Reduce cycle time,2024-08-18T19:25:32.357847
8296d6d1-6a73-475c-988f-e80415b7eadd,3516d754-0922-468d-a18e-bec14b831875,Sprint 08,4/26/2025,5/9/2025,Deliver priority roadmap items,2024-11-18T19:25:32.357847
404e93c1-6a4d-4604-9261-c6c860087701,3516d754-0922-468d-a18e-bec14b831875,Sprint 09,5/10/2025,5/23/2025,,2024-07-17T19:25:32.357847
daccf9b8-f9c3-412a-b916-48776ae30278,3516d754-0922-468d-a18e-bec14b831875,Sprint 10,5/24/2025,6/6/2025,Improve test automation coverage,2025-10-15T19:25:32.357847
3c365ea1-2592-4b92-b1af-86a8a1919f87,3516d754-0922-468d-a18e-bec14b831875,Sprint 11,6/7/2025,6/20/2025,Reduce technical debt,2025-06-05T19:25:32.357847
488c86d5-c930-4fa6-ab38-acd903db7cc6,3516d754-0922-468d-a18e-bec14b831875,Sprint 12,6/21/2025,7/4/2025,Improve reliability and observability,2025-02-12T19:25:32.357847
fc95511d-5494-49e0-9c05-c36af5a51696,3516d754-0922-468d-a18e-bec14b831875,Sprint 13,7/5/2025,7/18/2025,Reduce technical debt,2025-01-13T19:25:32.357847
f6ad5b45-8500-4d8f-a04c-19465ad275b2,3516d754-0922-468d-a18e-bec14b831875,Sprint 14,7/19/2025,8/1/2025,Ship customer-requested enhancements,2025-06-08T19:25:32.357847
f664fb15-d1ef-4376-9302-d52db898432b,3516d754-0922-468d-a18e-bec14b831875,Sprint 15,8/2/2025,8/15/2025,,2024-09-18T19:25:32.357847
b2844814-7821-4928-90cf-d20e57dffc93,3516d754-0922-468d-a18e-bec14b831875,Sprint 16,8/16/2025,8/29/2025,,2026-01-08T19:25:32.357847
83aeba1d-5ad7-4a46-badb-4c99800d89bf,3516d754-0922-468d-a18e-bec14b831875,Sprint 17,8/30/2025,9/12/2025,Reduce cycle time,2025-01-28T19:25:32.357847
6aaca72a-8d79-4ecd-a011-4915dbe61852,3516d754-0922-468d-a18e-bec14b831875,Sprint 18,9/13/2025,9/26/2025,Enhance authentication and security posture,2025-05-16T19:25:32.357847
7047a574-da84-492f-b039-81658859dddd,3516d754-0922-468d-a18e-bec14b831875,Sprint 19,9/27/2025,10/10/2025,Improve reliability and observability,2025-12-08T19:25:32.357847
ff85d311-e7b9-4919-99de-3fab31809312,3516d754-0922-468d-a18e-bec14b831875,Sprint 20,10/11/2025,10/24/2025,Reduce technical debt,2024-12-23T19:25:32.357847
bd0d6b7e-77a8-4acd-81c1-9b81ee3d07b0,31f3d5ca-0239-4fc3-97cd-260db942f87e,Sprint 01,1/20/2025,2/2/2025,Reduce cycle time,2024-12-18T19:25:32.357847
e97b8935-7c04-4957-97cf-9faeffb32a4e,31f3d5ca-0239-4fc3-97cd-260db942f87e,Sprint 02,2/3/2025,2/16/2025,Ship customer-requested enhancements,2024-07-13T19:25:32.357847
7d2ec1cf-30ff-43c6-8709-f4afc5728d68,31f3d5ca-0239-4fc3-97cd-260db942f87e,Sprint 03,2/17/2025,3/2/2025,Ship customer-requested enhancements,2025-12-23T19:25:32.357847
ce192c25-9cda-4538-9eb3-c47ce5586d40,31f3d5ca-0239-4fc3-97cd-260db942f87e,Sprint 04,3/3/2025,3/16/2025,,2024-12-30T19:25:32.357847
e22bf4bc-7bf0-4780-aa5c-b4bc2009fe36,31f3d5ca-0239-4fc3-97cd-260db942f87e,Sprint 05,3/17/2025,3/30/2025,,2024-08-15T19:25:32.357847
4ee5cdf0-06c8-4305-a972-0cbd8022f3d9,31f3d5ca-0239-4fc3-97cd-260db942f87e,Sprint 06,3/31/2025,4/13/2025,Enhance authentication and security posture,2024-09-06T19:25:32.357847
31c0f4b5-20e6-425d-954b-0b51bae4d155,31f3d5ca-0239-4fc3-97cd-260db942f87e,Sprint 07,4/14/2025,4/27/2025,Stabilize release quality,2025-03-20T19:25:32.357847
521f8837-5cba-4fa8-b479-cf89e48d2fe4,31f3d5ca-0239-4fc3-97cd-260db942f87e,Sprint 08,4/28/2025,5/11/2025,Improve reliability and observability,2025-02-23T19:25:32.357847
f85c7935-0859-4fb7-85eb-318141134b81,31f3d5ca-0239-4fc3-97cd-260db942f87e,Sprint 09,5/12/2025,5/25/2025,,2025-10-25T19:25:32.357847
66f63577-a9e5-4c2a-bbb9-7b52b1f555f4,31f3d5ca-0239-4fc3-97cd-260db942f87e,Sprint 10,5/26/2025,6/8/2025,Reduce cycle time,2025-07-30T19:25:32.357847
7c9037a6-0a38-4d53-a9ce-6af5232d61b5,31f3d5ca-0239-4fc3-97cd-260db942f87e,Sprint 11,6/9/2025,6/22/2025,,2024-07-20T19:25:32.357847
873ce106-3e66-48c2-8813-a63b4cc98dac,31f3d5ca-0239-4fc3-97cd-260db942f87e,Sprint 12,6/23/2025,7/6/2025,Stabilize release quality,2025-11-11T19:25:32.357847
ca3694b6-d15f-4c3b-86c1-fca87a4825e0,31f3d5ca-0239-4fc3-97cd-260db942f87e,Sprint 13,7/7/2025,7/20/2025,Improve reliability and observability,2025-06-13T19:25:32.357847
4c74fe6b-771f-4f69-9fd6-7be12764a1c1,31f3d5ca-0239-4fc3-97cd-260db942f87e,Sprint 14,7/21/2025,8/3/2025,Improve test automation coverage,2025-10-03T19:25:32.357847
ff8e1b81-c58e-4405-bb1e-f4ca4db40445,31f3d5ca-0239-4fc3-97cd-260db942f87e,Sprint 15,8/4/2025,8/17/2025,Improve reliability and observability,2024-07-16T19:25:32.357847
4ffb235c-d5c4-4131-83f6-954c181d5a99,31f3d5ca-0239-4fc3-97cd-260db942f87e,Sprint 16,8/18/2025,8/31/2025,Improve test automation coverage,2025-11-05T19:25:32.357847
7807c287-d3b9-4a9e-a0fa-d780cb78390b,31f3d5ca-0239-4fc3-97cd-260db942f87e,Sprint 17,9/1/2025,9/14/2025,Deliver priority roadmap items,2025-12-24T19:25:32.357847
38339a3f-02e3-4d56-bd19-8756d1545d89,31f3d5ca-0239-4fc3-97cd-260db942f87e,Sprint 18,9/15/2025,9/28/2025,Enhance authentication and security posture,2025-02-12T19:25:32.357847
53abe737-e239-4969-9ede-bd6fcbd82e25,31f3d5ca-0239-4fc3-97cd-260db942f87e,Sprint 19,9/29/2025,10/12/2025,Stabilize release quality,2025-10-20T19:25:32.357847
e7b92b4c-44de-483b-8539-1229be6b5790,31f3d5ca-0239-4fc3-97cd-260db942f87e,Sprint 20,10/13/2025,10/26/2025,Reduce cycle time,2025-11-23T19:25:32.357847
66aa8f3a-6cec-4fa4-9def-3b6e50b99251,39d9f497-5268-4264-9a05-c511203c28e9,Sprint 01,1/22/2025,2/4/2025,Deliver priority roadmap items,2025-05-05T19:25:32.357847
b86e0225-06df-4067-a0ac-01beff34913c,39d9f497-5268-4264-9a05-c511203c28e9,Sprint 02,2/5/2025,2/18/2025,,2025-11-06T19:25:32.357847
f2e6a4f3-b96d-49c5-b48a-5c64501f7d24,39d9f497-5268-4264-9a05-c511203c28e9,Sprint 03,2/19/2025,3/4/2025,Improve reliability and observability,2025-04-28T19:25:32.357847
99d2da6a-2dab-4ab0-b8a9-d9e4008bccdc,39d9f497-5268-4264-9a05-c511203c28e9,Sprint 04,3/5/2025,3/18/2025,Improve test automation coverage,2024-12-16T19:25:32.357847
cc4662ac-1a36-4308-8402-cf844abafc4f,39d9f497-5268-4264-9a05-c511203c28e9,Sprint 05,3/19/2025,4/1/2025,Enhance authentication and security posture,2024-11-29T19:25:32.357847
465bcba1-feef-4edf-9146-65af259baefd,39d9f497-5268-4264-9a05-c511203c28e9,Sprint 06,4/2/2025,4/15/2025,Improve test automation coverage,2025-02-28T19:25:32.357847
7030385c-4fc1-4303-a86f-a90b5dff516d,39d9f497-5268-4264-9a05-c511203c28e9,Sprint 07,4/16/2025,4/29/2025,Stabilize release quality,2024-12-15T19:25:32.357847
4ae0eeda-3a21-41b6-8304-c48d64670486,39d9f497-5268-4264-9a05-c511203c28e9,Sprint 08,4/30/2025,5/13/2025,Reduce cycle time,2024-07-19T19:25:32.357847
3a2fa8e8-0ab9-4181-bb0a-a080eeb8563f,39d9f497-5268-4264-9a05-c511203c28e9,Sprint 09,5/14/2025,5/27/2025,Stabilize release quality,2025-11-14T19:25:32.357847
078ac4a8-e930-4846-937c-3cd9e1b802fe,39d9f497-5268-4264-9a05-c511203c28e9,Sprint 10,5/28/2025,6/10/2025,Stabilize release quality,2025-11-04T19:25:32.357847
76f0b0a9-85ba-4aab-aec0-db5bc7fb8cc7,39d9f497-5268-4264-9a05-c511203c28e9,Sprint 11,6/11/2025,6/24/2025,Reduce technical debt,2024-08-21T19:25:32.357847
6aedd5a9-14e5-442e-bc66-c8a91a9c506e,39d9f497-5268-4264-9a05-c511203c28e9,Sprint 12,6/25/2025,7/8/2025,Reduce cycle time,2025-03-27T19:25:32.357847
1c816e8a-553c-42c6-a59d-da7d789e76ce,39d9f497-5268-4264-9a05-c511203c28e9,Sprint 13,7/9/2025,7/22/2025,Ship customer-requested enhancements,2025-10-21T19:25:32.357847
fdcf21cb-7660-4ff4-936e-b92d07dd5e99,39d9f497-5268-4264-9a05-c511203c28e9,Sprint 14,7/23/2025,8/5/2025,Ship customer-requested enhancements,2024-10-26T19:25:32.357847
7b1ccaf9-68f0-4752-8c07-81474c53345e,39d9f497-5268-4264-9a05-c511203c28e9,Sprint 15,8/6/2025,8/19/2025,Improve test automation coverage,2024-12-09T19:25:32.357847
2ad22889-6617-4ae4-9a31-e1f858cbda3c,39d9f497-5268-4264-9a05-c511203c28e9,Sprint 16,8/20/2025,9/2/2025,Stabilize release quality,2024-09-19T19:25:32.357847
7a522b96-d40b-4956-9229-0231410ffc84,39d9f497-5268-4264-9a05-c511203c28e9,Sprint 17,9/3/2025,9/16/2025,Deliver priority roadmap items,2024-07-20T19:25:32.357847
67f496bf-8616-4491-a4a6-f51dd5a3f6f1,39d9f497-5268-4264-9a05-c511203c28e9,Sprint 18,9/17/2025,9/30/2025,Improve reliability and observability,2025-08-31T19:25:32.357847
22830183-f8f3-4dd1-9135-b7935f7cffd0,39d9f497-5268-4264-9a05-c511203c28e9,Sprint 19,10/1/2025,10/14/2025,Improve test automation coverage,2024-07-08T19:25:32.357847
4d1d6af0-0273-4571-bcda-e53ad2b4002c,39d9f497-5268-4264-9a05-c511203c28e9,Sprint 20,10/15/2025,10/28/2025,Ship customer-requested enhancements,2025-08-23T19:25:32.357847
f964b058-37c0-4b2f-b889-b86b581607d0,0f29e8b9-2559-4371-ba66-a030e5c808fb,Sprint 01,1/24/2025,2/6/2025,Ship customer-requested enhancements,2024-12-31T19:25:32.357847
01723699-4675-4b69-8f3f-46d868071a2b,0f29e8b9-2559-4371-ba66-a030e5c808fb,Sprint 02,2/7/2025,2/20/2025,Stabilize release quality,2024-06-30T19:25:32.357847
c10758eb-f4ae-445c-81c7-b76997b5fe3e,0f29e8b9-2559-4371-ba66-a030e5c808fb,Sprint 03,2/21/2025,3/6/2025,,2025-08-26T19:25:32.357847
d4997c36-6c35-4afc-a9be-a0f76cd7e244,0f29e8b9-2559-4371-ba66-a030e5c808fb,Sprint 04,3/7/2025,3/20/2025,Reduce cycle time,2025-12-06T19:25:32.357847
1366604a-7aef-408c-84b1-c8d0d4416f9b,0f29e8b9-2559-4371-ba66-a030e5c808fb,Sprint 05,3/21/2025,4/3/2025,Stabilize release quality,2024-06-10T19:25:32.357847
27aef603-6b9c-4e9a-938b-ddc5396e3fd9,0f29e8b9-2559-4371-ba66-a030e5c808fb,Sprint 06,4/4/2025,4/17/2025,Improve test automation coverage,2024-07-16T19:25:32.357847
78793056-f35e-4e54-920a-751dddd25b68,0f29e8b9-2559-4371-ba66-a030e5c808fb,Sprint 07,4/18/2025,5/1/2025,,2025-10-22T19:25:32.357847
c25a7dae-680a-49c6-b298-7a70e92eec8f,0f29e8b9-2559-4371-ba66-a030e5c808fb,Sprint 08,5/2/2025,5/15/2025,Ship customer-requested enhancements,2025-06-16T19:25:32.357847
73c30de1-b906-4669-9d7a-3cd813432c56,0f29e8b9-2559-4371-ba66-a030e5c808fb,Sprint 09,5/16/2025,5/29/2025,Reduce technical debt,2025-06-15T19:25:32.357847
4412949a-c13a-4659-a8ea-4eb3fb691d14,0f29e8b9-2559-4371-ba66-a030e5c808fb,Sprint 10,5/30/2025,6/12/2025,Improve test automation coverage,2024-08-11T19:25:32.357847
9dc80f92-7184-4613-9baf-22a2510b4145,0f29e8b9-2559-4371-ba66-a030e5c808fb,Sprint 11,6/13/2025,6/26/2025,Deliver priority roadmap items,2025-08-06T19:25:32.357847
a7304541-6a90-4764-9958-64d9645b4f9c,0f29e8b9-2559-4371-ba66-a030e5c808fb,Sprint 12,6/27/2025,7/10/2025,Deliver priority roadmap items,2025-06-05T19:25:32.357847
6552daed-0711-4a35-a9e5-736bbdf7e761,0f29e8b9-2559-4371-ba66-a030e5c808fb,Sprint 13,7/11/2025,7/24/2025,Ship customer-requested enhancements,2025-07-03T19:25:32.357847
fc295f78-864b-4945-aabd-e3ea3ce26162,0f29e8b9-2559-4371-ba66-a030e5c808fb,Sprint 14,7/25/2025,8/7/2025,Reduce cycle time,2025-07-16T19:25:32.357847
74789d9b-5f8b-49ef-9082-9accebebbb18,0f29e8b9-2559-4371-ba66-a030e5c808fb,Sprint 15,8/8/2025,8/21/2025,Stabilize release quality,2024-07-04T19:25:32.357847
8e680e9c-8f6e-40af-9877-3a019b426f38,0f29e8b9-2559-4371-ba66-a030e5c808fb,Sprint 16,8/22/2025,9/4/2025,Enhance authentication and security posture,2024-07-04T19:25:32.357847
b1d6d905-71bb-44ae-a65c-dbbb4a195d4e,0f29e8b9-2559-4371-ba66-a030e5c808fb,Sprint 17,9/5/2025,9/18/2025,Reduce cycle time,2025-03-26T19:25:32.357847
b301fb19-fcb8-443e-85b1-f7e5d535fd60,0f29e8b9-2559-4371-ba66-a030e5c808fb,Sprint 18,9/19/2025,10/2/2025,Reduce cycle time,2025-05-06T19:25:32.357847
bc0fdca8-e913-4fd9-96ae-954812256b09,0f29e8b9-2559-4371-ba66-a030e5c808fb,Sprint 19,10/3/2025,10/16/2025,Reduce cycle time,2025-06-29T19:25:32.357847
9096e6f9-3288-4ec5-a6cc-b5c231174287,0f29e8b9-2559-4371-ba66-a030e5c808fb,Sprint 20,10/17/2025,10/30/2025,Enhance authentication and security posture,2025-02-13T19:25:32.357847
0f70346a-9962-43a8-847c-87d3d5d9ce9a,8553113e-cafa-4f21-828c-419e03c6600b,Sprint 01,1/26/2025,2/8/2025,Reduce technical debt,2025-09-08T19:25:32.357847
5cbb7926-e881-4253-9e46-807b3e327b0e,8553113e-cafa-4f21-828c-419e03c6600b,Sprint 02,2/9/2025,2/22/2025,Improve reliability and observability,2025-10-07T19:25:32.357847
579644d9-f9f8-4d57-b51a-deb11333b8f1,8553113e-cafa-4f21-828c-419e03c6600b,Sprint 03,2/23/2025,3/8/2025,Ship customer-requested enhancements,2025-11-07T19:25:32.357847
5375e052-3560-4f80-95c6-4827e1d557aa,8553113e-cafa-4f21-828c-419e03c6600b,Sprint 04,3/9/2025,3/22/2025,Improve reliability and observability,2025-02-26T19:25:32.357847
0391a09c-9cbb-41c5-9d8e-c9d9bbf73508,8553113e-cafa-4f21-828c-419e03c6600b,Sprint 05,3/23/2025,4/5/2025,Enhance authentication and security posture,2024-10-13T19:25:32.357847
b8aa3df3-9a0d-4510-bd37-6030d953f78f,8553113e-cafa-4f21-828c-419e03c6600b,Sprint 06,4/6/2025,4/19/2025,Reduce technical debt,2025-03-10T19:25:32.357847
ea8536fd-20a2-4044-aa08-35dadff071a1,8553113e-cafa-4f21-828c-419e03c6600b,Sprint 07,4/20/2025,5/3/2025,Deliver priority roadmap items,2024-06-17T19:25:32.357847
eb058b67-5c60-4dbd-b587-722a63401301,8553113e-cafa-4f21-828c-419e03c6600b,Sprint 08,5/4/2025,5/17/2025,Reduce technical debt,2025-02-28T19:25:32.357847
c8d3afac-afbe-4628-88fe-2fa31602afa4,8553113e-cafa-4f21-828c-419e03c6600b,Sprint 09,5/18/2025,5/31/2025,Improve test automation coverage,2025-07-29T19:25:32.357847
e95de22a-9322-4248-98be-0f5cb9014839,8553113e-cafa-4f21-828c-419e03c6600b,Sprint 10,6/1/2025,6/14/2025,Stabilize release quality,2025-03-03T19:25:32.357847
2be9c134-295e-4d7c-a51a-a85fe26bb3dc,8553113e-cafa-4f21-828c-419e03c6600b,Sprint 11,6/15/2025,6/28/2025,Improve reliability and observability,2025-06-05T19:25:32.357847
17abb105-0456-438a-9cb1-b3f8caf08190,8553113e-cafa-4f21-828c-419e03c6600b,Sprint 12,6/29/2025,7/12/2025,Improve test automation coverage,2025-04-09T19:25:32.357847
ad6c2651-8ff3-497e-b7b4-cebb56494c56,8553113e-cafa-4f21-828c-419e03c6600b,Sprint 13,7/13/2025,7/26/2025,Reduce technical debt,2025-09-02T19:25:32.357847
21f0d18c-8778-4fcb-8a53-1915ac687147,8553113e-cafa-4f21-828c-419e03c6600b,Sprint 14,7/27/2025,8/9/2025,Reduce technical debt,2024-09-13T19:25:32.357847
ae135e5f-eb50-49f7-8165-e972ba1b1b71,8553113e-cafa-4f21-828c-419e03c6600b,Sprint 15,8/10/2025,8/23/2025,Enhance authentication and security posture,2024-10-18T19:25:32.357847
d0d64b52-d153-4d1d-971b-366cfeb72565,8553113e-cafa-4f21-828c-419e03c6600b,Sprint 16,8/24/2025,9/6/2025,Reduce technical debt,2025-03-11T19:25:32.357847
33bc409f-de58-466a-aa37-2c9b9da349cc,8553113e-cafa-4f21-828c-419e03c6600b,Sprint 17,9/7/2025,9/20/2025,Enhance authentication and security posture,2024-07-02T19:25:32.357847
82988fb7-28d1-4628-8467-127c9f390346,8553113e-cafa-4f21-828c-419e03c6600b,Sprint 18,9/21/2025,10/4/2025,Reduce cycle time,2025-07-22T19:25:32.357847
be053954-a638-477e-82c2-e13a8963c4b9,8553113e-cafa-4f21-828c-419e03c6600b,Sprint 19,10/5/2025,10/18/2025,Reduce cycle time,2025-04-05T19:25:32.357847
f660e3a2-e530-4d0f-b828-2a1e081871b5,8553113e-cafa-4f21-828c-419e03c6600b,Sprint 20,10/19/2025,11/1/2025,Deliver priority roadmap items,2024-07-15T19:25:32.357847
